run_id,task_id,robot_id,start_zone,goal_zone,static_path_length_m,turn_count,junction_crossings_count,nominal_speed_mps,fleet_size,candidate_corridor_count,mean_nearby_robot_count,avg_nearby_robot_speed_mps,max_corridor_queue_length,reservation_count,corridor_occupancy_ratio,active_blockage_count,waiting_time_s,total_stop_time_s,mean_peer_freshness_ms,task_load_count,actual_travel_time_s
run_1789030083,rnd_task_003,robot_1,South,South,14.5,2,0,4.0,8,1,0.19,0.27,20,586,1.0,6547,56.96,52.96,500.0,0,96.94
run_1789031643,rnd_task_001,robot_8,North,South,56.62,4,2,4.0,8,2,0.1,0.51,30,1245,1.0,10941,95.66,91.66,500.0,4,196.6
run_1789031643,rnd_task_002,robot_7,South,Central,84.71,4,2,4.0,8,2,0.09,0.51,42,3365,1.0,25106,302.6,298.6,500.0,11,534.6
run_1789031643,rnd_task_003,robot_1,South,South,14.5,2,0,4.0,8,1,0.03,0.77,31,1461,1.0,12227,143.18,139.18,500.0,5,221.4
run_1789031643,rnd_task_004,robot_3,North,North,30.2,2,1,4.0,8,1,0.05,0.07,31,1662,1.0,13827,135.72,131.72,500.0,7,252.42
run_1789031643,rnd_task_005,robot_2,South,South,41.52,2,1,4.0,8,1,0.02,0.85,31,1624,1.0,13383,141.02,137.02,500.0,6,243.82
run_1789031643,rnd_task_006,robot_8,Central,South,32.34,2,0,4.0,8,2,0.19,0.41,24,1168,1.0,8807,105.02,101.02,500.0,7,207.4
run_1789031643,rnd_task_007,robot_1,South,North,47.9,4,2,4.0,8,2,0.07,0.34,24,994,1.0,7268,99.9,95.9,500.0,8,186.0
run_1789031643,rnd_task_008,robot_4,Central,North,41.91,2,1,4.0,8,2,0.08,0.39,36,1798,1.0,11884,161.16,157.16,500.0,9,298.6
run_1789031643,rnd_task_009,robot_6,South,South,4.48,2,0,4.0,8,1,0.09,0.68,20,732,1.0,5297,91.38,87.38,500.0,5,144.9
run_1789031643,rnd_task_010,robot_8,South,Central,70.06,4,2,4.0,8,2,0.05,0.47,40,3327,1.0,16698,258.96,254.96,500.0,13,473.1
run_1789031643,rnd_task_011,robot_2,Central,Central,60.91,2,1,4.0,8,1,0.05,0.04,30,1553,1.0,7886,109.98,105.98,500.0,7,195.4
run_1789031643,rnd_task_012,robot_3,North,North,14.74,2,0,4.0,8,1,0.07,0.83,32,2386,1.0,11434,174.82,170.82,500.0,8,303.96
run_1789031643,rnd_task_013,robot_7,South,North,77.84,4,2,4.0,8,2,0.0,1.1,21,1194,1.0,4894,69.68,65.68,500.0,6,135.5
run_1789031643,rnd_task_014,robot_6,South,Central,64.69,4,2,4.0,8,2,0.19,0.33,25,1445,1.0,5840,106.46,102.46,500.0,7,180.2
run_1789031643,rnd_task_015,robot_2,Central,North,100.1,4,2,4.0,8,2,0.09,0.37,32,2272,1.0,11017,214.92,210.92,500.0,10,343.7
run_1789031643,rnd_task_016,robot_7,North,North,43.06,2,1,4.0,8,1,0.0,0.0,22,1010,1.0,5412,99.76,95.76,500.0,6,178.6
run_1789031643,rnd_task_017,robot_1,North,North,53.99,2,1,4.0,8,1,0.0,1.6,19,979,1.0,5273,92.68,88.68,500.0,7,167.5
run_1789031643,rnd_task_018,robot_5,South,North,68.63,4,2,4.0,8,2,0.04,0.94,40,3554,1.0,21463,557.74,553.74,500.0,17,726.5
run_1789031643,rnd_task_019,robot_6,South,North,72.98,4,2,4.0,8,2,0.05,0.65,25,1095,1.0,7560,125.96,121.96,500.0,8,225.3
run_1789031643,rnd_task_020,robot_7,North,North,26.6,2,1,4.0,8,1,0.0,1.6,21,771,1.0,4941,76.68,72.68,500.0,6,145.1
run_1789031643,rnd_task_021,robot_8,South,North,80.64,4,2,4.0,8,2,0.08,0.06,30,997,1.0,7298,105.24,101.24,500.0,7,221.5
run_1789031643,rnd_task_022,robot_2,Central,North,35.54,2,1,4.0,8,2,0.0,0.96,36,1539,1.0,11682,226.62,222.62,500.0,10,379.0
run_1789031643,rnd_task_023,robot_7,North,North,33.5,2,1,4.0,8,1,0.01,0.28,18,507,1.0,4013,71.36,67.36,500.0,6,155.0
run_1789031643,rnd_task_024,robot_6,Central,North,38.87,2,1,4.0,8,2,0.06,0.52,24,949,1.0,5827,110.02,106.02,500.0,7,199.7
run_1789031643,rnd_task_025,robot_3,North,North,9.14,2,0,4.0,8,1,0.0,1.6,11,360,1.0,2396,76.92,72.92,500.0,5,103.5
run_1789031643,rnd_task_026,robot_1,Central,Central,46.78,2,0,4.0,8,1,0.01,0.27,31,1128,1.0,5949,130.64,126.64,500.0,7,202.6
run_1789031643,rnd_task_027,robot_8,South,North,60.85,4,2,4.0,8,2,0.07,0.66,41,4054,1.0,16531,319.8,315.8,500.0,16,599.7
run_1789031643,rnd_task_028,robot_7,South,South,36.57,2,1,4.0,8,1,0.03,1.35,25,619,1.0,3067,54.82,50.82,500.0,6,131.3
run_1789031643,rnd_task_029,robot_3,North,North,40.46,2,1,4.0,8,1,0.05,0.47,42,4345,1.0,19875,369.46,365.46,500.0,16,659.42
run_1789031643,rnd_task_030,robot_6,North,Central,23.19,2,0,4.0,8,2,0.04,0.16,28,1618,1.0,6191,185.58,181.58,500.0,9,251.3
run_1789031643,rnd_task_031,robot_1,North,North,11.58,2,0,4.0,8,1,0.16,0.14,19,402,1.0,1965,36.32,32.32,500.0,6,73.2
run_1789031643,rnd_task_032,robot_5,North,Central,43.94,2,1,4.0,8,2,0.17,0.25,25,1278,1.0,4183,87.5,83.5,500.0,8,175.6
run_1789031643,rnd_task_033,robot_7,Central,South,66.72,4,2,4.0,8,2,0.08,1.01,42,3297,1.0,13214,228.46,224.46,500.0,11,437.1
run_1789031643,rnd_task_034,robot_2,Central,Central,37.45,2,0,4.0,8,1,0.03,0.31,21,1039,1.0,3121,75.38,71.38,500.0,5,131.9
run_1789031643,rnd_task_035,robot_2,North,North,19.55,2,0,4.0,8,1,0.0,2.1,24,1388,1.0,5183,93.5,89.5,500.0,8,172.02
run_1789031643,rnd_task_036,robot_6,South,South,32.0,2,1,4.0,8,1,0.05,0.74,41,2326,1.0,11993,243.68,239.68,500.0,9,332.2
run_1789031643,rnd_task_037,robot_5,South,Central,75.02,4,2,4.0,8,2,0.04,0.96,22,1357,1.0,4854,85.02,81.02,500.0,7,160.42
run_1789031643,rnd_task_038,robot_4,Central,South,23.83,2,0,4.0,8,2,0.09,0.68,36,1006,1.0,5221,73.14,69.14,500.0,7,137.2
run_1789031643,rnd_task_039,robot_2,South,Central,40.61,2,1,4.0,8,2,0.0,1.6,36,1100,1.0,7843,98.42,94.42,500.0,8,191.3
run_1789031643,rnd_task_041,robot_5,Central,South,93.74,4,2,4.0,8,2,0.0,1.6,41,3024,1.0,23653,503.14,499.14,500.0,10,621.9
run_1789031643,rnd_task_042,robot_4,South,Central,71.04,4,2,4.0,8,2,0.0,1.6,39,2606,1.0,19698,287.66,283.66,500.0,8,525.7
run_1789031643,rnd_task_043,robot_3,North,North,13.73,2,0,4.0,8,1,0.0,1.6,17,365,1.0,2726,37.68,33.68,500.0,3,66.4
run_1789031643,rnd_task_044,robot_7,South,North,71.83,4,2,4.0,8,2,0.21,0.29,28,736,1.0,6524,79.92,75.92,500.0,4,156.8
run_1789031643,rnd_task_045,robot_3,North,North,50.15,2,1,4.0,8,1,0.07,0.37,44,3970,1.0,26691,430.98,426.98,500.0,8,741.1
run_1789031643,rnd_task_046,robot_7,North,South,57.69,4,2,4.0,8,2,0.08,0.55,21,823,1.0,5999,103.58,99.58,500.0,3,176.4
run_1789031643,rnd_task_047,robot_2,Central,North,71.84,2,1,4.0,8,2,0.02,0.93,25,1726,1.0,11346,182.54,178.54,500.0,5,315.9
run_1789031643,rnd_task_048,robot_7,South,North,78.99,4,2,4.0,8,2,0.09,0.12,39,1827,1.0,10604,164.52,160.52,500.0,5,308.2
run_1789031643,rnd_task_049,robot_6,North,Central,74.14,4,2,4.0,8,2,0.0,1.6,23,987,1.0,6127,88.38,84.38,500.0,4,175.5
run_1789031643,rnd_task_050,robot_4,Central,North,78.11,4,2,4.0,8,2,0.0,1.6,28,921,1.0,4674,74.48,70.48,500.0,3,129.9
run_1789035953,rnd_task_001,robot_8,North,South,56.62,4,2,4.0,8,2,0.06,0.23,44,3112,1.0,23550,266.28,262.28,500.0,6,527.7
run_1789035953,rnd_task_003,robot_1,South,South,14.5,2,0,4.0,8,1,0.1,0.18,35,2161,1.0,19438,312.6,308.6,500.0,5,410.9
run_1789035953,rnd_task_004,robot_5,North,North,30.2,2,1,4.0,8,1,0.05,0.24,24,1001,1.0,9124,81.88,77.88,500.0,3,162.6
run_1789035953,rnd_task_005,robot_2,South,South,41.52,2,1,4.0,8,1,0.01,0.14,44,3999,1.0,26997,418.86,414.86,500.0,7,680.0
run_1789035953,rnd_task_007,robot_3,South,North,47.9,4,2,4.0,8,2,0.04,0.86,36,1862,1.0,8755,165.18,161.18,500.0,5,269.7
run_1789035953,rnd_task_008,robot_4,Central,North,41.91,2,1,4.0,8,2,0.02,1.09,41,3108,1.0,14483,301.3,297.3,500.0,7,491.3
run_1789035953,rnd_task_009,robot_1,South,South,4.48,2,0,4.0,8,1,0.0,1.6,29,1398,1.0,5672,126.46,122.46,500.0,5,182.7
run_1789035953,rnd_task_010,robot_7,South,Central,70.06,4,2,4.0,8,2,0.17,0.25,19,1267,1.0,5797,132.7,128.7,500.0,4,224.3
run_1789035953,rnd_task_012,robot_5,North,North,14.74,2,0,4.0,8,1,0.01,0.0,18,755,1.0,3508,80.56,76.56,500.0,2,139.0
run_1789039721,rnd_task_001,robot_1,South,South,24.94,2,0,4.0,8,1,0.04,0.24,46,3079,1.0,1905,248.6,244.6,500.0,10,346.4
run_1789039721,rnd_task_004,robot_2,North,North,30.2,2,1,4.0,8,1,0.29,0.27,38,1446,1.0,982,82.7,78.7,500.0,6,161.1
run_1789039721,rnd_task_005,robot_8,North,South,50.67,4,2,4.0,8,2,0.1,0.54,46,3202,1.0,1914,172.6,168.6,500.0,11,356.7
run_1789039721,rnd_task_006,robot_3,North,South,65.89,4,2,4.0,8,2,0.12,0.12,43,2035,1.0,1336,142.1,138.1,500.0,8,234.4
run_1789039721,rnd_task_010,robot_5,Central,North,100.1,4,2,4.0,8,2,0.03,0.21,49,5004,1.0,2863,321.02,317.02,500.0,13,577.82
run_1789039721,rnd_task_012,robot_4,Central,North,31.22,2,0,4.0,8,2,0.11,0.26,38,1390,1.0,904,82.24,78.24,500.0,7,153.4
run_1789039721,rnd_task_014,robot_6,North,North,53.01,2,1,4.0,8,1,0.03,0.66,45,2658,1.0,1615,154.1,150.1,500.0,9,290.8
run_1789039721,rnd_task_025,robot_2,North,Central,34.8,2,1,4.0,8,2,0.06,0.67,44,3587,1.0,1938,321.44,317.44,500.0,12,420.8
run_1789039721,rnd_task_026,robot_4,Central,North,77.57,4,2,4.0,8,2,0.08,0.27,40,2786,1.0,1418,168.08,164.08,500.0,10,306.8
run_1789039721,rnd_task_027,robot_3,South,North,83.06,4,2,4.0,8,2,0.05,0.2,47,4109,1.0,2166,387.34,383.34,500.0,11,703.6
run_1789039721,rnd_task_035,robot_6,Central,North,64.69,4,2,4.0,8,2,0.08,0.7,29,1333,1.0,643,72.26,68.26,500.0,8,157.0
run_1789039721,rnd_task_045,robot_1,South,Central,63.7,4,2,4.0,8,2,0.03,1.43,26,983,1.0,485,63.6,59.6,500.0,7,111.2
run_1789039721,rnd_task_047,robot_8,North,South,81.03,4,2,4.0,8,2,0.02,0.79,38,1913,1.0,1043,125.84,121.84,500.0,8,240.9
run_1789039721,rnd_task_051,robot_4,Central,South,35.41,2,0,4.0,8,2,0.0,0.24,22,625,1.0,360,63.84,59.84,500.0,5,92.8
run_1789039721,rnd_task_054,robot_2,South,South,34.42,2,1,4.0,8,1,0.06,0.22,23,853,1.0,494,114.42,110.42,500.0,3,187.88
run_1789043539,rnd_task_001,robot_1,South,South,24.94,2,0,4.0,8,1,0.05,0.0,47,3681,1.0,2622,343.68,339.68,500.0,11,485.1
run_1789043539,rnd_task_003,robot_2,South,North,85.6,4,2,4.0,8,2,0.08,0.43,48,4430,1.0,3044,363.14,359.14,500.0,12,581.5
run_1789043539,rnd_task_004,robot_3,North,North,30.2,2,1,4.0,8,1,0.04,0.67,49,6652,1.0,4822,795.2,791.2,500.0,18,950.4
run_1789043539,rnd_task_005,robot_7,North,South,50.67,4,2,4.0,8,2,0.03,0.43,44,2876,1.0,2079,242.38,238.38,500.0,9,368.7
run_1789043539,rnd_task_006,robot_5,North,South,65.89,4,2,4.0,8,2,0.05,0.26,42,1927,1.0,1501,132.66,128.66,500.0,7,243.6
run_1789043539,rnd_task_008,robot_8,North,South,91.22,4,2,4.0,8,2,0.01,0.09,47,3313,1.0,2325,250.58,246.58,500.0,10,430.4
run_1789043539,rnd_task_010,robot_4,Central,North,100.1,4,2,4.0,8,2,0.07,0.24,47,3132,1.0,2159,233.28,229.28,500.0,9,398.4
run_1789043539,rnd_task_011,robot_6,South,North,73.22,4,2,4.0,8,2,0.0,1.6,32,1463,1.0,956,116.06,112.06,500.0,8,187.1
run_1789043539,rnd_task_007,robot_5,South,North,66.35,4,2,4.0,8,2,0.03,0.65,47,5104,1.0,3586,618.36,614.36,500.0,17,759.4
run_1789043539,rnd_task_014,robot_6,North,North,53.01,2,1,4.0,8,1,0.09,0.36,43,2932,1.0,1968,274.86,270.86,500.0,13,424.7
run_1789043539,rnd_task_017,robot_7,South,North,97.33,4,2,4.0,8,2,0.0,1.6,40,1904,1.0,1340,182.74,178.74,500.0,10,286.0
run_1789043539,rnd_task_018,robot_4,Central,South,57.08,2,1,4.0,8,2,0.01,0.57,42,2578,1.0,1887,244.98,240.98,500.0,12,390.32
run_1789043539,rnd_task_019,robot_1,Central,Central,78.22,4,2,4.0,8,1,0.16,0.28,44,3315,1.0,2470,428.86,424.86,500.0,13,498.1
run_1789043539,rnd_task_020,robot_8,South,South,22.15,2,0,4.0,8,1,0.0,1.6,32,1177,1.0,972,128.98,124.98,500.0,9,194.7
run_1789043539,rnd_task_021,robot_2,South,Central,22.65,2,0,4.0,8,2,0.0,1.6,34,1262,1.0,1130,113.82,109.82,500.0,9,217.3
run_1789043539,rnd_task_024,robot_7,South,North,73.24,4,2,4.0,8,2,0.06,0.24,44,4151,1.0,2610,332.16,328.16,500.0,11,491.3
run_1789043539,rnd_task_025,robot_6,North,Central,34.8,2,1,4.0,8,2,0.03,1.08,45,5228,1.0,3269,309.62,305.62,500.0,10,608.4
run_1789043539,rnd_task_027,robot_8,South,North,83.06,4,2,4.0,8,2,0.1,0.32,37,1933,1.0,1276,148.94,144.94,500.0,8,253.2
run_1789043539,rnd_task_028,robot_4,South,North,61.1,4,2,4.0,8,2,0.03,0.66,35,1579,1.0,1075,118.92,114.92,500.0,7,212.3
run_1789043539,rnd_task_032,robot_5,South,North,66.1,4,2,4.0,8,2,0.08,0.51,39,3150,1.0,1679,147.66,143.66,500.0,5,285.2
run_1789032215,rnd_task_001,robot_6,North,South,56.62,4,2,4.0,6,2,0.01,0.0,22,821,1.0,7243,88.62,84.62,500.0,3,194.7
run_1789032215,rnd_task_003,robot_1,South,South,14.5,2,0,4.0,6,1,0.04,0.17,24,1266,1.0,9934,181.22,177.22,500.0,5,298.3
run_1789032215,rnd_task_004,robot_5,North,North,30.2,2,1,4.0,6,1,0.01,0.63,47,5987,1.0,33818,1429.86,1425.86,500.0,13,1529.2
run_1789032215,rnd_task_005,robot_2,South,South,41.52,2,1,4.0,6,1,0.0,0.79,42,4274,1.0,20683,585.9,581.9,500.0,8,1011.0
run_1789032215,rnd_task_002,robot_6,South,Central,6.0,1,2,4.0,6,2,0.2,0.32,45,4871,1.0,25031,756.86,752.86,500.0,11,1271.3
run_1789032215,rnd_task_006,robot_3,Central,South,32.34,2,0,4.0,6,2,0.15,0.34,26,2274,1.0,10073,329.78,325.78,500.0,5,540.4
run_1789032215,rnd_task_007,robot_1,South,North,47.9,4,2,4.0,6,2,0.0,1.6,33,2840,1.0,10496,350.5,346.5,500.0,5,660.62
run_1789032215,rnd_task_008,robot_4,Central,North,41.91,2,1,4.0,6,2,0.0,1.6,26,1114,1.0,3656,133.58,129.58,500.0,5,253.0
run_1789032215,rnd_task_009,robot_3,South,South,4.48,2,0,4.0,6,1,0.14,0.15,27,928,1.0,6173,232.38,228.38,500.0,6,303.9
run_1789032215,rnd_task_011,robot_2,Central,Central,60.91,2,1,4.0,6,1,0.04,0.65,12,323,1.0,1486,54.42,50.42,500.0,3,117.6
run_1789032215,rnd_task_012,robot_1,North,North,14.74,2,0,4.0,6,1,0.0,1.6,17,543,1.0,5047,96.5,92.5,500.0,4,171.5
run_1789032215,rnd_task_013,robot_2,South,North,77.84,4,2,4.0,6,2,0.08,0.32,27,991,1.0,7346,154.58,150.58,500.0,6,267.18
run_1789032215,rnd_task_014,robot_3,South,Central,64.69,4,2,4.0,6,2,0.04,0.35,32,1809,1.0,10240,243.38,239.38,500.0,6,441.1
run_1789032215,rnd_task_015,robot_6,Central,North,100.1,4,2,4.0,6,2,0.05,0.33,31,1614,1.0,7086,270.96,266.96,500.0,5,354.7
run_1789032215,rnd_task_016,robot_1,North,North,43.06,2,1,4.0,6,1,0.04,0.53,36,2986,1.0,9861,319.14,315.14,500.0,5,575.56
run_1789032215,rnd_task_017,robot_2,North,North,53.99,2,1,4.0,6,1,0.06,0.39,36,3193,1.0,10621,326.16,322.16,500.0,4,617.56
run_1789032215,rnd_task_019,robot_6,South,North,72.98,4,2,4.0,6,2,0.08,0.11,19,1102,1.0,3008,78.82,74.82,500.0,2,182.4
run_1789032215,rnd_task_022,robot_1,Central,North,35.54,2,1,4.0,6,2,0.0,1.6,20,446,1.0,3478,86.48,82.48,500.0,0,141.3
run_1789035941,rnd_task_001,robot_6,North,South,56.62,4,2,4.0,6,2,0.01,0.11,42,1493,1.0,12602,181.24,177.24,500.0,5,379.42
run_1789035941,rnd_task_003,robot_1,South,South,14.5,2,0,4.0,6,1,0.13,0.53,25,692,1.0,6323,85.3,81.3,500.0,2,148.7
run_1789035941,rnd_task_005,robot_2,South,South,41.52,2,1,4.0,6,1,0.08,0.29,25,688,1.0,6294,85.68,81.68,500.0,3,151.1
run_1789035941,rnd_task_006,robot_3,Central,South,32.34,2,0,4.0,6,2,0.02,0.0,27,946,1.0,6997,145.66,141.66,500.0,5,262.3
run_1789035941,rnd_task_007,robot_1,South,North,47.9,4,2,4.0,6,2,0.0,1.6,37,2380,1.0,18277,362.36,358.36,500.0,5,626.5
run_1789035941,rnd_task_008,robot_4,Central,North,41.91,2,1,4.0,6,2,0.0,0.04,40,2470,1.0,17565,567.22,563.22,500.0,5,640.1
run_1789035941,rnd_task_009,robot_2,South,South,4.48,2,0,4.0,6,1,0.0,1.6,20,909,1.0,5998,135.66,131.66,500.0,3,214.3
run_1789035941,rnd_task_011,robot_6,Central,Central,60.91,2,1,4.0,6,1,0.0,1.6,13,503,1.0,4554,60.6,56.6,500.0,2,124.1
run_1789039695,rnd_task_001,robot_6,North,South,70.84,4,2,4.0,6,2,0.04,0.31,38,1429,1.0,1819,378.14,374.14,500.0,6,452.84
run_1789039695,rnd_task_005,robot_5,South,North,81.77,4,2,4.0,6,2,0.01,0.43,45,3484,1.0,4919,1570.6,1566.6,500.0,10,1704.8
run_1789039695,rnd_task_006,robot_2,Central,Central,94.9,4,2,4.0,6,1,0.01,0.34,42,1922,1.0,3021,817.58,813.58,500.0,8,921.64
run_1789039695,rnd_task_008,robot_3,North,South,64.59,4,2,4.0,6,2,0.02,0.53,29,835,1.0,924,109.96,105.96,500.0,4,203.0
run_1789039695,rnd_task_009,robot_4,South,South,22.65,2,0,4.0,6,1,0.02,0.12,38,1295,1.0,1576,233.62,229.62,500.0,5,389.3
run_1789039695,rnd_task_019,robot_3,North,North,16.53,2,0,4.0,6,1,0.0,1.6,17,464,1.0,637,100.84,96.84,500.0,4,181.6
run_1789039695,rnd_task_032,robot_3,North,North,19.49,2,1,4.0,6,1,0.0,1.6,18,382,1.0,920,152.44,148.44,500.0,4,278.44
run_1789039695,rnd_task_040,robot_6,Central,Central,54.65,2,1,4.0,6,1,0.0,0.0,38,2292,1.0,2941,1133.34,1129.34,500.0,6,1231.72
run_1789039695,rnd_task_047,robot_3,South,Central,83.32,4,2,4.0,6,2,0.0,1.6,28,1463,1.0,2072,744.32,740.32,500.0,5,931.5
run_1789039695,rnd_task_060,robot_2,North,North,30.7,2,1,4.0,6,1,0.0,1.6,6,116,1.0,163,61.34,57.34,500.0,3,104.62
run_1789039695,rnd_task_062,robot_2,North,South,76.15,4,2,4.0,6,2,0.01,0.15,22,1010,1.0,1321,308.04,304.04,500.0,3,540.24
run_1789043538,rnd_task_001,robot_6,North,South,70.84,4,2,4.0,6,2,0.03,0.0,42,1534,1.0,1193,145.28,141.28,500.0,7,272.9
run_1789043538,rnd_task_003,robot_1,South,Central,60.62,4,2,4.0,6,2,0.01,0.51,45,3417,1.0,2737,573.02,569.02,500.0,11,679.1
run_1789043538,rnd_task_004,robot_5,South,North,78.18,4,2,4.0,6,2,0.18,0.49,35,1009,1.0,741,91.92,87.92,500.0,5,169.6
run_1789043538,rnd_task_006,robot_3,Central,Central,94.9,4,2,4.0,6,1,0.02,2.71,39,1280,1.0,973,116.78,112.78,500.0,6,223.9
run_1789043538,rnd_task_008,robot_2,North,South,64.59,4,2,4.0,6,2,0.03,0.06,33,893,1.0,613,66.72,62.72,500.0,4,140.4
run_1789043538,rnd_task_009,robot_2,South,South,22.65,2,0,4.0,6,1,0.0,0.0,31,1768,1.0,1366,313.78,309.78,500.0,7,355.7
run_1789043538,rnd_task_005,robot_5,South,North,81.77,4,2,4.0,6,2,0.09,0.31,35,2632,1.0,2198,317.78,313.78,500.0,10,552.82
run_1789043538,rnd_task_011,robot_3,South,North,82.56,4,2,4.0,6,2,0.04,0.46,31,1717,1.0,1411,203.28,199.28,500.0,7,369.3
run_1789043538,rnd_task_002,robot_6,North,South,75.41,4,2,4.0,6,2,0.0,1.6,26,1343,1.0,1054,143.58,139.58,500.0,5,285.24
run_1789043538,rnd_task_014,robot_2,Central,South,58.31,2,1,4.0,6,2,0.1,0.56,40,2235,1.0,1925,316.68,312.68,500.0,10,477.2
run_1789043538,rnd_task_015,robot_6,Central,North,21.89,2,0,4.0,6,2,0.03,0.1,25,1074,1.0,926,117.22,113.22,500.0,7,219.8
run_1789043538,rnd_task_017,robot_3,Central,Central,75.93,4,2,4.0,6,1,0.04,0.3,36,1525,1.0,1194,163.08,159.08,500.0,8,293.0
run_1789043538,rnd_task_018,robot_1,North,South,80.64,4,2,4.0,6,2,0.03,0.31,25,803,1.0,608,86.64,82.64,500.0,6,142.4
run_1789043538,rnd_task_019,robot_5,North,North,16.53,2,0,4.0,6,1,0.0,0.0,42,2334,1.0,1534,282.5,278.5,500.0,6,413.0
run_1789043538,rnd_task_021,robot_6,North,Central,62.4,4,2,4.0,6,2,0.0,1.6,25,728,1.0,579,94.68,90.68,500.0,5,150.38
run_1789043538,rnd_task_022,robot_1,South,North,5.5,2,2,4.0,6,2,0.0,1.6,38,2230,1.0,1514,348.48,344.48,500.0,4,416.5
run_1789026462,rnd_task_001,robot_4,North,South,56.62,4,2,4.0,4,2,1.54,0.37,29,561,1.0,2363,58.01,54.01,70.2,6,144.3
run_1789026462,rnd_task_002,robot_3,South,Central,84.71,4,2,4.0,4,2,1.86,0.53,27,483,1.0,2016,69.45,65.45,52.5,4,121.8
run_1789026462,rnd_task_003,robot_1,South,South,14.5,2,0,4.0,4,1,0.46,0.0,20,297,1.0,1223,41.94,37.94,52.6,3,68.11
run_1789026462,rnd_task_004,robot_2,North,North,30.2,2,1,4.0,4,1,0.48,1.47,27,483,1.0,1794,55.15,51.15,52.0,4,113.3
run_1789026462,rnd_task_006,robot_1,Central,South,32.34,2,0,4.0,4,2,1.79,1.07,30,407,1.0,1607,68.68,64.68,52.7,6,114.7
run_1789026462,rnd_task_007,robot_3,South,North,47.9,4,2,4.0,4,2,0.86,0.49,35,789,1.0,3119,129.29,125.29,53.6,9,228.0
run_1789026462,rnd_task_008,robot_2,Central,North,41.91,2,1,4.0,4,2,0.0,1.6,27,450,1.0,1774,56.66,52.66,53.6,6,120.29
run_1789026462,rnd_task_009,robot_4,South,South,4.48,2,0,4.0,4,1,1.55,0.64,14,240,1.0,1234,47.54,43.54,70.5,4,81.2
run_1789026462,rnd_task_010,robot_1,South,Central,70.06,4,2,4.0,4,2,0.0,1.6,21,252,1.0,837,29.45,25.45,54.8,5,61.1
run_1789026462,rnd_task_011,robot_4,Central,Central,60.91,2,1,4.0,4,1,0.52,1.4,28,477,1.0,1692,72.93,68.93,70.4,7,127.69
run_1789026462,rnd_task_012,robot_2,North,North,14.74,2,0,4.0,4,1,0.0,1.6,21,323,1.0,1156,68.69,64.69,53.5,4,93.0
run_1789026462,rnd_task_013,robot_1,South,North,77.84,4,2,4.0,4,2,2.93,0.56,23,634,1.0,2974,103.02,99.02,53.1,7,207.0
run_1789026462,rnd_task_015,robot_2,Central,North,100.1,4,2,4.0,4,2,1.71,0.48,24,611,1.0,2330,86.59,82.59,52.6,7,170.5
run_1789026462,rnd_task_016,robot_3,North,North,43.06,2,1,4.0,4,1,2.18,0.78,33,792,1.0,2955,119.84,115.84,52.8,9,242.91
run_1789026462,rnd_task_017,robot_4,North,North,53.99,2,1,4.0,4,1,2.05,0.75,13,290,1.0,1506,50.89,46.89,69.8,3,98.7
run_1789026462,rnd_task_018,robot_4,South,North,68.63,4,2,4.0,4,2,0.42,0.25,26,425,1.0,1087,43.37,39.37,69.8,5,103.62
run_1789026462,rnd_task_019,robot_1,South,North,72.98,4,2,4.0,4,2,1.76,0.86,31,564,1.0,1561,75.62,71.62,53.2,7,155.89
run_1789026462,rnd_task_020,robot_2,North,North,26.6,2,1,4.0,4,1,0.59,0.64,14,204,1.0,740,36.03,32.03,53.9,4,72.51
run_1789026462,rnd_task_021,robot_4,South,North,80.64,4,2,4.0,4,2,0.11,0.41,13,355,1.0,1353,61.67,57.67,70.4,6,128.7
run_1789026462,rnd_task_022,robot_2,Central,North,35.54,2,1,4.0,4,2,0.31,0.77,10,277,1.0,1182,50.0,46.0,53.2,6,105.19
run_1789026462,rnd_task_023,robot_3,North,North,33.5,2,1,4.0,4,1,0.3,0.19,10,270,1.0,1121,55.53,51.53,53.2,4,95.7
run_1789026462,rnd_task_025,robot_1,North,North,9.14,2,0,4.0,4,1,0.37,1.16,8,210,1.0,945,54.06,50.06,53.0,5,82.29
run_1789026462,rnd_task_026,robot_4,Central,Central,46.78,2,0,4.0,4,1,1.42,0.74,21,223,1.0,839,52.11,48.11,69.8,5,79.8
run_1789026462,rnd_task_027,robot_2,South,North,60.85,4,2,4.0,4,2,0.0,1.6,29,401,1.0,1349,62.65,58.65,54.4,7,132.51
run_1789026462,rnd_task_028,robot_3,South,South,36.57,2,1,4.0,4,1,1.9,0.8,28,346,1.0,1043,49.26,45.26,54.3,5,108.32
run_1789026462,rnd_task_029,robot_1,North,North,40.46,2,1,4.0,4,1,0.0,1.6,27,308,1.0,930,50.52,46.52,54.2,4,93.5
run_1789026462,rnd_task_030,robot_4,North,Central,23.19,2,0,4.0,4,2,0.0,3.71,22,282,1.0,976,43.69,39.69,71.8,7,82.11
run_1789026462,rnd_task_031,robot_1,North,North,11.58,2,0,4.0,4,1,0.0,1.6,8,109,1.0,432,23.75,19.75,56.2,5,34.4
run_1789026462,rnd_task_032,robot_3,North,Central,43.94,2,1,4.0,4,2,0.07,2.31,33,706,1.0,2672,128.56,124.56,53.3,12,226.0
run_1789026462,rnd_task_033,robot_2,Central,South,66.72,4,2,4.0,4,2,0.0,0.79,20,281,1.0,1139,59.4,55.4,53.5,7,100.0
run_1789026462,rnd_task_034,robot_1,Central,Central,37.45,2,0,4.0,4,1,0.0,0.75,19,252,1.0,888,50.88,46.88,54.1,5,81.68
run_1789026462,rnd_task_035,robot_4,North,North,19.55,2,0,4.0,4,1,0.04,1.64,9,155,1.0,463,25.88,21.88,71.2,3,48.6
run_1789026462,rnd_task_037,robot_4,South,Central,75.02,4,2,4.0,4,2,0.08,0.97,21,336,1.0,1322,54.46,50.46,71.0,6,113.4
run_1789026462,rnd_task_038,robot_1,Central,South,23.83,2,0,4.0,4,2,0.14,2.78,21,318,1.0,1227,65.2,61.2,53.5,5,103.1
run_1789026462,rnd_task_039,robot_2,South,Central,40.61,2,1,4.0,4,2,0.09,0.5,20,306,1.0,993,48.71,44.71,52.9,3,86.7
run_1789026462,rnd_task_040,robot_2,North,South,71.72,4,2,4.0,4,2,0.01,1.55,19,319,1.0,1248,50.78,46.78,53.4,7,114.8
run_1789026462,rnd_task_041,robot_4,Central,South,93.74,4,2,4.0,4,2,0.93,0.68,9,191,1.0,795,35.55,31.55,72.7,4,70.5
run_1789026462,rnd_task_042,robot_1,South,Central,71.04,4,2,4.0,4,2,0.0,1.6,11,182,1.0,725,37.33,33.33,53.6,5,69.09
run_1789026462,rnd_task_043,robot_3,North,North,13.73,2,0,4.0,4,1,1.03,0.98,15,307,1.0,1173,67.55,63.55,53.1,4,118.4
run_1789026462,rnd_task_044,robot_4,South,North,71.83,4,2,4.0,4,2,1.43,0.59,14,295,1.0,880,48.82,44.82,72.5,3,97.09
run_1788949062,rnd_task_003,robot_1,South,South,14.5,2,0,4.0,4,1,0.65,0.0,14,89,1.0,25382,25.43,21.43,50.0,0,86.9
run_1788949585,rnd_task_003,robot_1,South,South,14.5,2,0,4.0,4,1,0.59,0.03,20,208,1.0,25765,32.07,28.07,50.0,0,96.2
run_1788950261,rnd_task_002,robot_3,South,Central,84.71,4,2,4.0,4,2,0.5,0.42,25,189,1.0,44568,45.72,41.72,55.3,2,150.0
run_1788950261,rnd_task_003,robot_1,South,South,14.5,2,0,4.0,4,1,0.42,0.3,21,123,1.0,29052,33.83,29.83,57.0,2,99.1
run_1788950261,rnd_task_004,robot_2,North,North,30.2,2,1,4.0,4,1,0.57,0.36,29,278,1.0,65980,121.28,117.28,56.2,2,195.9
run_1788951139,rnd_task_002,robot_3,South,Central,84.71,4,2,4.0,4,2,0.58,0.33,38,273,1.0,45923,62.82,58.82,50.0,2,160.6
run_1788951139,rnd_task_003,robot_1,South,South,14.5,2,0,4.0,4,1,0.52,0.53,30,195,1.0,27995,35.94,31.94,50.0,2,105.9
run_1788951139,rnd_task_004,robot_2,North,North,30.2,2,1,4.0,4,1,0.08,0.66,38,323,1.0,56027,68.31,64.31,50.0,2,185.9
run_1788963734,rnd_task_002,robot_3,South,Central,84.71,4,2,4.0,4,2,0.77,0.28,24,349,1.0,4195,75.28,71.28,50.0,3,126.4
run_1788963734,rnd_task_003,robot_1,South,South,14.5,2,0,4.0,4,1,2.41,0.85,7,103,1.0,1062,22.39,18.39,50.2,2,38.6
run_1788963734,rnd_task_004,robot_2,North,North,30.2,2,1,4.0,4,1,0.15,1.91,14,196,1.0,2245,34.3,30.3,64.7,3,70.9
run_1788963734,rnd_task_006,robot_1,Central,South,32.34,2,0,4.0,4,2,0.56,1.11,22,263,1.0,3111,40.94,36.94,50.3,2,87.2
run_1788964354,rnd_task_001,robot_4,North,South,56.62,4,2,4.0,4,2,0.52,0.62,37,880,1.0,6754,123.95,119.95,59.6,4,207.8
run_1788964354,rnd_task_002,robot_3,South,Central,84.71,4,2,4.0,4,2,0.97,0.32,14,208,1.0,1539,34.3,30.3,61.6,3,63.9
run_1788964354,rnd_task_003,robot_1,South,South,14.5,2,0,4.0,4,1,0.61,0.83,29,683,1.0,4650,88.96,84.96,61.2,4,148.9
run_1788964354,rnd_task_004,robot_2,North,North,30.2,2,1,4.0,4,1,0.6,0.99,26,599,1.0,3838,67.93,63.93,60.0,4,124.8
run_1788964354,rnd_task_006,robot_3,Central,South,0.5,0,2,4.0,4,2,0.71,0.89,28,679,1.0,5173,79.21,75.21,60.2,3,138.8
run_1788964915,rnd_task_001,robot_4,North,South,56.62,4,2,4.0,4,2,0.39,0.09,26,435,1.0,2759,50.38,46.38,52.9,3,121.7
run_1788964915,rnd_task_002,robot_3,South,Central,84.71,4,2,4.0,4,2,0.98,0.54,22,278,1.0,1912,44.98,40.98,53.5,3,88.9
run_1788964915,rnd_task_003,robot_1,South,South,14.5,2,0,4.0,4,1,1.2,0.7,22,279,1.0,1890,53.16,49.16,53.3,3,85.4
run_1788964915,rnd_task_004,robot_2,North,North,30.2,2,1,4.0,4,1,0.91,1.14,26,422,1.0,2531,56.59,52.59,53.4,3,105.7
run_1788965203,rnd_task_001,robot_4,North,South,56.62,4,2,4.0,4,2,0.43,0.03,29,417,1.0,3094,48.27,44.27,51.1,3,122.1
run_1788965203,rnd_task_002,robot_3,South,Central,84.71,4,2,4.0,4,2,0.85,0.6,22,298,1.0,2000,44.12,40.12,50.0,3,84.9
run_1788965203,rnd_task_003,robot_1,South,South,14.5,2,0,4.0,4,1,0.66,0.0,19,268,1.0,1625,42.75,38.75,50.0,3,69.0
run_1788965203,rnd_task_004,robot_2,North,North,30.2,2,1,4.0,4,1,0.11,0.37,29,417,1.0,3077,56.51,52.51,50.0,3,111.2
run_1788965493,rnd_task_001,robot_4,North,South,56.62,4,2,4.0,4,2,1.75,0.32,35,466,1.0,4703,56.79,52.79,50.0,3,131.7
run_1788965493,rnd_task_002,robot_3,South,Central,84.71,4,2,4.0,4,2,1.01,0.42,25,279,1.0,2610,42.04,38.04,50.0,3,78.7
run_1788965493,rnd_task_003,robot_1,South,South,14.5,2,0,4.0,4,1,0.9,0.23,21,243,1.0,2180,39.23,35.23,50.0,3,62.3
run_1788965493,rnd_task_004,robot_2,North,North,30.2,2,1,4.0,4,1,0.2,0.85,36,503,1.0,5002,66.72,62.72,50.0,3,129.9
run_1788965812,rnd_task_001,robot_4,North,South,56.62,4,2,4.0,4,2,0.28,0.01,20,497,1.0,4336,58.63,54.63,50.8,3,132.8
run_1788965812,rnd_task_002,robot_3,South,Central,84.71,4,2,4.0,4,2,0.38,0.29,28,616,1.0,6288,97.14,93.14,51.7,3,174.4
run_1788965812,rnd_task_003,robot_1,South,South,14.5,2,0,4.0,4,1,0.35,0.0,19,465,1.0,3785,70.11,66.11,69.1,3,112.4
run_1788965812,rnd_task_004,robot_2,North,North,30.2,2,1,4.0,4,1,0.05,3.69,22,511,1.0,4766,77.03,73.03,51.6,3,134.2
run_1788966178,rnd_task_001,robot_4,North,South,56.62,4,2,4.0,4,2,0.61,0.67,40,711,1.0,8504,91.23,87.23,50.4,3,194.4
run_1788966178,rnd_task_002,robot_3,South,Central,84.71,4,2,4.0,4,2,1.19,0.26,28,413,1.0,4374,54.27,50.27,50.3,3,101.5
run_1788966178,rnd_task_003,robot_1,South,South,14.5,2,0,4.0,4,1,1.38,0.35,22,310,1.0,3527,45.56,41.56,51.6,2,77.9
run_1788966178,rnd_task_006,robot_1,Central,South,32.34,2,0,4.0,4,2,0.93,0.48,27,281,1.0,3200,34.9,30.9,51.6,2,70.6
run_1788966645,rnd_task_001,robot_4,North,South,56.62,4,2,4.0,4,2,1.71,0.8,33,628,1.0,4324,90.65,86.65,50.0,3,193.0
run_1788966645,rnd_task_002,robot_3,South,Central,84.71,4,2,4.0,4,2,0.71,0.55,25,364,1.0,2160,55.2,51.2,50.0,2,100.4
run_1788966645,rnd_task_004,robot_2,North,North,30.2,2,1,4.0,4,1,3.49,0.81,25,353,1.0,2085,45.1,41.1,50.0,2,91.0
run_1788966645,rnd_task_006,robot_2,Central,South,32.34,2,0,4.0,4,2,1.27,1.38,20,306,1.0,2631,52.13,48.13,50.0,1,112.5
run_1788967073,rnd_task_001,robot_4,North,South,56.62,4,2,4.0,4,2,0.15,0.0,35,761,1.0,6032,95.33,91.33,82.6,3,195.0
run_1788967073,rnd_task_002,robot_3,South,Central,84.71,4,2,4.0,4,2,0.54,0.4,30,507,1.0,4494,76.05,72.05,82.6,3,138.4
run_1788967073,rnd_task_003,robot_1,South,South,14.5,2,0,4.0,4,1,0.32,0.23,33,572,1.0,4800,95.18,91.18,84.2,3,150.2
run_1788967073,rnd_task_004,robot_2,North,North,30.2,2,1,4.0,4,1,0.04,0.21,23,353,1.0,3412,56.89,52.89,81.9,3,99.5
run_1788967459,rnd_task_001,robot_4,North,South,56.62,4,2,4.0,4,2,0.92,0.41,33,635,1.0,6399,113.71,109.71,50.0,3,221.8
run_1788967459,rnd_task_003,robot_1,South,South,14.5,2,0,4.0,4,1,1.3,0.0,9,167,1.0,1250,29.5,25.5,50.0,2,49.2
run_1788967459,rnd_task_004,robot_2,North,North,30.2,2,1,4.0,4,1,0.18,1.55,16,407,1.0,3889,73.16,69.16,50.0,3,131.5
run_1788967459,rnd_task_006,robot_1,Central,South,32.34,2,0,4.0,4,2,1.58,0.65,32,540,1.0,6193,107.74,103.74,50.0,2,191.7
run_1788967943,rnd_task_001,robot_4,North,South,56.62,4,2,4.0,4,2,0.55,0.63,26,546,1.0,6019,73.8,69.8,53.1,3,159.7
run_1788967943,rnd_task_002,robot_3,South,Central,84.71,4,2,4.0,4,2,0.75,0.38,24,310,1.0,3024,48.95,44.95,54.4,3,91.1
run_1788967943,rnd_task_003,robot_1,South,South,14.5,2,0,4.0,4,1,0.7,0.0,21,245,1.0,1722,34.66,30.66,54.5,3,60.1
run_1788967943,rnd_task_004,robot_2,North,North,30.2,2,1,4.0,4,1,0.09,0.16,26,437,1.0,4253,62.95,58.95,54.3,3,116.4
run_1788968291,rnd_task_001,robot_4,North,South,56.62,4,2,4.0,4,2,1.32,0.63,30,436,1.0,3105,52.97,48.97,50.0,3,130.5
run_1788968291,rnd_task_002,robot_3,South,Central,84.71,4,2,4.0,4,2,1.06,0.39,22,256,1.0,1368,38.99,34.99,50.0,3,70.5
run_1788968291,rnd_task_003,robot_1,South,South,14.5,2,0,4.0,4,1,0.84,0.0,19,208,1.0,1192,35.3,31.3,50.6,3,56.5
run_1788968291,rnd_task_004,robot_2,North,North,30.2,2,1,4.0,4,1,0.21,2.11,30,436,1.0,3079,69.27,65.27,50.0,3,119.5
run_1788969018,rnd_task_001,robot_4,North,South,56.62,4,2,4.0,4,2,0.44,0.82,35,595,1.0,6555,93.36,89.36,50.0,7,184.3
run_1788969018,rnd_task_002,robot_3,South,Central,84.71,4,2,4.0,4,2,1.93,0.5,24,278,1.0,3391,54.79,50.79,50.0,4,103.8
run_1788969018,rnd_task_003,robot_1,South,South,14.5,2,0,4.0,4,1,1.63,0.0,17,160,1.0,1405,29.3,25.3,50.0,3,47.8
run_1788969018,rnd_task_004,robot_2,North,North,30.2,2,1,4.0,4,1,0.24,0.93,25,344,1.0,3711,58.8,54.8,50.5,5,110.2
run_1788969018,rnd_task_006,robot_1,Central,South,32.34,2,0,4.0,4,2,2.1,0.44,13,202,1.0,2488,36.47,32.47,50.0,5,71.6
run_1788969018,rnd_task_007,robot_3,South,North,47.9,4,2,4.0,4,2,1.2,0.99,30,467,1.0,5430,59.59,55.59,50.0,7,130.7
run_1788969018,rnd_task_008,robot_2,Central,North,41.91,2,1,4.0,4,2,0.87,0.93,32,588,1.0,6697,85.03,81.03,50.7,7,157.8
run_1788969018,rnd_task_009,robot_1,South,South,4.48,2,0,4.0,4,1,0.14,1.17,18,288,1.0,3239,42.55,38.55,50.0,4,71.3
run_1788969018,rnd_task_010,robot_4,South,Central,70.06,4,2,4.0,4,2,0.18,1.17,19,342,1.0,3877,46.38,42.38,50.0,5,94.9
run_1788969018,rnd_task_011,robot_1,Central,Central,60.91,2,1,4.0,4,1,0.61,0.77,27,627,1.0,6622,84.8,80.8,50.0,6,169.5
run_1788969018,rnd_task_012,robot_3,North,North,14.74,2,0,4.0,4,1,0.21,0.96,24,563,1.0,5823,84.09,80.09,50.0,6,146.2
run_1788969018,rnd_task_013,robot_2,South,North,77.84,4,2,4.0,4,2,1.22,0.59,20,466,1.0,5264,60.25,56.25,50.5,5,126.0
run_1788969018,rnd_task_014,robot_4,South,Central,64.69,4,2,4.0,4,2,0.16,0.36,20,528,1.0,5770,72.36,68.36,50.0,6,137.7
run_1788969018,rnd_task_016,robot_1,North,North,43.06,2,1,4.0,4,1,1.98,1.24,37,767,1.0,7393,76.67,72.67,50.0,8,179.1
run_1788969018,rnd_task_017,robot_3,North,North,53.99,2,1,4.0,4,1,1.32,0.98,26,450,1.0,3626,37.87,33.87,50.0,5,86.9
run_1788969018,rnd_task_018,robot_2,South,North,68.63,4,2,4.0,4,2,1.76,0.9,35,533,1.0,5063,51.21,47.21,51.1,5,120.8
run_1788969018,rnd_task_019,robot_4,South,North,72.98,4,2,4.0,4,2,0.19,2.16,36,618,1.0,5849,71.15,67.15,50.0,6,150.2
run_1788969018,rnd_task_020,robot_3,North,North,26.6,2,1,4.0,4,1,4.74,0.56,27,383,1.0,4509,48.73,44.73,50.0,6,115.9
run_1788969018,rnd_task_021,robot_2,South,North,80.64,4,2,4.0,4,2,0.6,0.74,27,567,1.0,8348,93.61,89.61,50.7,9,189.7
run_1788969018,rnd_task_022,robot_1,Central,North,35.54,2,1,4.0,4,2,2.1,0.74,23,393,1.0,6281,71.49,67.49,50.0,6,133.1
run_1788969018,rnd_task_023,robot_4,North,North,33.5,2,1,4.0,4,1,0.48,0.51,7,125,1.0,2182,28.13,24.13,50.0,4,49.6
run_1788969018,rnd_task_024,robot_3,Central,North,38.87,2,1,4.0,4,2,0.73,0.96,24,406,1.0,6515,75.41,71.41,50.0,7,133.7
run_1788969018,rnd_task_026,robot_4,Central,Central,46.78,2,0,4.0,4,1,1.13,0.72,18,213,1.0,3226,36.34,32.34,50.0,4,61.4
run_1788969018,rnd_task_027,robot_1,South,North,60.85,4,2,4.0,4,2,0.36,0.48,28,683,1.0,9062,111.71,107.71,50.0,9,212.7
run_1788969018,rnd_task_028,robot_4,South,South,36.57,2,1,4.0,4,1,0.0,1.6,23,337,1.0,4414,53.63,49.63,50.0,6,107.6
run_1788969018,rnd_task_029,robot_2,North,North,40.46,2,1,4.0,4,1,1.55,0.91,26,631,1.0,8073,117.7,113.7,50.6,9,195.5
run_1788969018,rnd_task_030,robot_3,North,Central,23.19,2,0,4.0,4,2,0.0,1.6,20,235,1.0,2494,37.48,33.48,50.0,3,65.5
run_1788969018,rnd_task_031,robot_3,North,North,11.58,2,0,4.0,4,1,3.48,0.63,17,280,1.0,4247,53.34,49.34,50.0,4,90.0
run_1788969018,rnd_task_032,robot_4,North,Central,43.94,2,1,4.0,4,2,0.0,1.6,16,364,1.0,4695,54.38,50.38,50.0,5,109.5
run_1788969018,rnd_task_033,robot_3,Central,South,66.72,4,2,4.0,4,2,1.88,0.85,20,414,1.0,5290,79.61,75.61,50.0,7,137.4
run_1788969018,rnd_task_034,robot_1,Central,Central,37.45,2,0,4.0,4,1,1.61,0.87,18,306,1.0,3805,56.12,52.12,50.0,5,94.8
run_1788969018,rnd_task_036,robot_4,South,South,32.0,2,1,4.0,4,1,0.48,0.3,18,341,1.0,5264,67.96,63.96,50.0,6,125.9
run_1788969018,rnd_task_037,robot_2,South,Central,75.02,4,2,4.0,4,2,1.69,0.64,19,347,1.0,5545,64.91,60.91,50.5,6,130.6
run_1788969018,rnd_task_038,robot_1,Central,South,23.83,2,0,4.0,4,2,0.0,1.6,10,74,1.0,2836,34.83,30.83,50.0,6,63.2
run_1788969018,rnd_task_039,robot_3,South,Central,40.61,2,1,4.0,4,2,0.2,0.56,18,211,1.0,5025,66.54,62.54,50.0,6,114.7
run_1788969018,rnd_task_040,robot_4,North,South,71.72,4,2,4.0,4,2,0.0,0.0,21,330,1.0,5529,62.33,58.33,50.0,6,133.3
run_1788969018,rnd_task_041,robot_2,Central,South,93.74,4,2,4.0,4,2,0.0,1.6,20,329,1.0,5053,65.7,61.7,50.7,5,122.9
run_1788969018,rnd_task_042,robot_1,South,Central,71.04,4,2,4.0,4,2,0.39,1.77,19,322,1.0,4461,56.76,52.76,50.0,4,110.1
run_1788969018,rnd_task_043,robot_3,North,North,13.73,2,0,4.0,4,1,0.0,1.6,13,216,1.0,1487,26.64,22.64,50.0,4,48.6
run_1788969018,rnd_task_044,robot_1,South,North,71.83,4,2,4.0,4,2,0.57,1.25,28,552,1.0,5264,72.3,68.3,50.0,1,152.1
run_1788973352,rnd_task_001,robot_4,North,South,56.62,4,2,4.0,4,2,0.51,1.04,43,692,1.0,3527,71.18,67.18,51.2,6,155.51
run_1788973352,rnd_task_002,robot_3,South,Central,84.71,4,2,4.0,4,2,0.65,0.24,40,392,1.0,1616,40.27,36.27,51.2,4,76.91
run_1788973352,rnd_task_003,robot_1,South,South,14.5,2,0,4.0,4,1,0.61,0.0,40,381,1.0,1414,41.16,37.16,64.7,3,69.71
run_1788973352,rnd_task_004,robot_2,North,North,30.2,2,1,4.0,4,1,0.0,0.01,42,548,1.0,2609,61.29,57.29,51.0,5,118.81
run_1788973352,rnd_task_006,robot_1,Central,South,32.34,2,0,4.0,4,2,0.12,0.19,28,445,1.0,2719,66.61,62.61,66.0,6,116.71
run_1788973352,rnd_task_007,robot_3,South,North,47.9,4,2,4.0,4,2,0.0,0.27,40,894,1.0,4785,122.69,118.69,51.4,9,214.4
run_1788973352,rnd_task_008,robot_2,Central,North,41.91,2,1,4.0,4,2,0.0,1.6,36,607,1.0,3002,70.27,66.27,51.7,6,132.0
run_1788973352,rnd_task_009,robot_4,South,South,4.48,2,0,4.0,4,1,0.07,0.78,24,344,1.0,1839,45.01,41.01,50.9,4,82.0
run_1788973352,rnd_task_010,robot_1,South,Central,70.06,4,2,4.0,4,2,0.0,1.6,27,375,1.0,1621,37.49,33.49,66.6,5,73.52
run_1788973352,rnd_task_011,robot_4,Central,Central,60.91,2,1,4.0,4,1,1.23,0.69,24,497,1.0,2237,54.71,50.71,51.4,6,109.89
run_1788973352,rnd_task_012,robot_2,North,North,14.74,2,0,4.0,4,1,0.0,1.6,23,414,1.0,2154,64.26,60.26,50.9,6,106.81
run_1788973352,rnd_task_013,robot_1,South,North,77.84,4,2,4.0,4,2,1.37,0.57,28,521,1.0,2544,65.0,61.0,66.3,6,124.49
run_1788973352,rnd_task_014,robot_3,South,Central,64.69,4,2,4.0,4,2,0.66,0.98,25,613,1.0,2841,98.25,94.25,51.6,6,172.78
run_1788973352,rnd_task_016,robot_4,North,North,43.06,2,1,4.0,4,1,11.24,0.09,36,1523,1.0,7458,504.24,500.24,51.3,14,607.1
run_1788973352,rnd_task_017,robot_2,North,North,53.99,2,1,4.0,4,1,0.41,0.8,18,505,1.0,1984,102.84,98.84,51.6,5,180.51
run_1788973352,rnd_task_018,robot_1,South,North,68.63,4,2,4.0,4,2,5.42,0.09,34,1601,1.0,8299,527.93,523.93,66.2,14,661.12
run_1788973352,rnd_task_019,robot_3,South,North,72.98,4,2,4.0,4,2,0.0,1.6,15,343,1.0,1576,96.81,92.81,51.4,4,174.93
run_1788973352,rnd_task_020,robot_2,North,North,26.6,2,1,4.0,4,1,0.0,1.6,11,162,1.0,815,43.84,39.84,51.1,3,93.0
run_1788973352,rnd_task_022,robot_3,Central,North,35.54,2,1,4.0,4,2,0.0,1.6,11,215,1.0,922,55.24,51.24,51.3,3,88.29
run_1788973352,rnd_task_023,robot_2,North,North,33.5,2,1,4.0,4,1,0.0,1.6,15,301,1.0,1480,83.75,79.75,52.0,4,143.31
run_1788973352,rnd_task_024,robot_3,Central,North,38.87,2,1,4.0,4,2,1.37,0.33,17,300,1.0,1533,83.87,79.87,51.7,5,146.41
run_1788973352,rnd_task_025,robot_2,North,North,9.14,2,0,4.0,4,1,0.0,1.6,6,116,1.0,811,45.58,41.58,51.4,3,69.29
run_1788973352,rnd_task_026,robot_2,Central,Central,46.78,2,0,4.0,4,1,0.0,2.25,15,296,1.0,1288,36.71,32.71,51.4,4,61.8
run_1788973352,rnd_task_027,robot_3,South,North,60.85,4,2,4.0,4,2,1.34,0.83,39,1019,1.0,6882,181.86,177.86,51.6,12,322.81
run_1788973352,rnd_task_029,robot_2,North,North,40.46,2,1,4.0,4,1,0.0,0.0,20,318,1.0,1825,51.52,47.52,51.4,4,98.21
run_1788973352,rnd_task_030,robot_4,North,Central,23.19,2,0,4.0,4,2,0.67,0.8,19,398,1.0,3547,105.11,101.11,51.4,6,174.29
run_1788973352,rnd_task_031,robot_2,North,North,11.58,2,0,4.0,4,1,3.28,0.16,6,78,1.0,1083,33.91,29.91,51.8,4,55.71
run_1788973352,rnd_task_032,robot_1,North,Central,43.94,2,1,4.0,4,2,1.19,0.38,20,326,1.0,2904,69.37,65.37,65.9,6,123.5
run_1788973352,rnd_task_033,robot_2,Central,South,66.72,4,2,4.0,4,2,2.06,0.99,17,225,1.0,1756,36.47,32.47,50.9,4,69.11
run_1788973352,rnd_task_034,robot_4,Central,Central,37.45,2,0,4.0,4,1,0.36,1.72,18,178,1.0,1046,32.45,28.45,50.7,4,44.43
run_1788973352,rnd_task_035,robot_2,North,North,19.55,2,0,4.0,4,1,0.0,1.6,24,360,1.0,1833,44.25,40.25,51.5,6,87.39
run_1788973352,rnd_task_036,robot_4,South,South,32.0,2,1,4.0,4,1,0.0,1.6,21,300,1.0,1485,32.56,28.56,51.1,4,69.8
run_1788973352,rnd_task_037,robot_1,South,Central,75.02,4,2,4.0,4,2,0.0,1.6,27,428,1.0,3437,96.91,92.91,66.5,6,156.2
run_1788973352,rnd_task_039,robot_3,South,Central,40.61,2,1,4.0,4,2,0.0,1.6,23,331,1.0,3320,87.83,83.83,51.0,6,154.4
run_1788973352,rnd_task_040,robot_2,North,South,71.72,4,2,4.0,4,2,0.0,1.6,24,276,1.0,3301,82.94,78.94,51.0,5,148.11
run_1788973352,rnd_task_041,robot_4,Central,South,93.74,4,2,4.0,4,2,0.48,1.29,23,272,1.0,3466,86.1,82.1,51.3,5,155.28
run_1788973352,rnd_task_042,robot_1,South,Central,71.04,4,2,4.0,4,2,0.28,1.39,23,234,1.0,2555,59.67,55.67,67.1,4,106.8
run_1788973352,rnd_task_043,robot_3,North,North,13.73,2,0,4.0,4,1,0.0,1.6,21,211,1.0,2220,55.17,51.17,50.9,4,91.82
run_1788973352,rnd_task_046,robot_1,North,South,57.69,4,2,4.0,4,2,0.76,0.93,27,420,1.0,2849,63.9,59.9,66.1,2,118.02
run_1788973352,rnd_task_047,robot_3,Central,North,71.84,2,1,4.0,4,2,0.9,0.27,28,454,1.0,3589,76.87,72.87,51.1,1,146.93
run_1789012563,rnd_task_001,robot_4,North,South,56.62,4,2,4.0,4,2,0.92,0.59,40,700,1.0,3835,77.31,73.31,52.2,3,176.31
run_1789012563,rnd_task_002,robot_3,South,Central,84.71,4,2,4.0,4,2,0.96,0.4,34,395,1.0,1891,53.4,49.4,51.8,3,91.1
run_1789012563,rnd_task_003,robot_1,South,South,14.5,2,0,4.0,4,1,0.78,0.0,33,353,1.0,1424,38.29,34.29,51.6,3,68.0
run_1789012563,rnd_task_004,robot_2,North,North,30.2,2,1,4.0,4,1,0.04,0.77,40,731,1.0,3767,103.21,99.21,52.0,3,179.51
run_1789022436,rnd_task_001,robot_4,North,South,56.62,4,2,4.0,4,2,0.74,0.35,35,441,1.0,2325,42.58,38.58,52.4,4,102.02
run_1789022436,rnd_task_002,robot_3,South,Central,84.71,4,2,4.0,4,2,1.12,0.33,34,435,1.0,2115,47.72,43.72,52.1,3,94.01
run_1789022436,rnd_task_003,robot_1,South,South,14.5,2,0,4.0,4,1,0.48,0.0,35,453,1.0,2146,63.24,59.24,52.5,5,101.61
run_1789022436,rnd_task_004,robot_2,North,North,30.2,2,1,4.0,4,1,0.08,0.98,36,610,1.0,2792,77.57,73.57,52.4,6,141.5
run_1789022436,rnd_task_006,robot_3,Central,South,32.34,2,0,4.0,4,2,0.0,1.6,16,241,1.0,1323,41.8,37.8,52.4,6,77.9
run_1789022436,rnd_task_007,robot_4,South,North,47.9,4,2,4.0,4,2,0.58,0.38,28,342,1.0,1809,56.27,52.27,52.2,6,103.8
run_1789022436,rnd_task_008,robot_1,Central,North,41.91,2,1,4.0,4,2,0.66,1.0,37,702,1.0,4461,126.7,122.7,53.0,8,210.01
run_1789022436,rnd_task_009,robot_2,South,South,4.48,2,0,4.0,4,1,0.18,1.13,29,460,1.0,3246,79.93,75.93,53.2,6,144.6
run_1789022436,rnd_task_010,robot_3,South,Central,70.06,4,2,4.0,4,2,0.22,1.35,17,246,1.0,1719,43.13,39.13,53.4,4,77.5
run_1789022436,rnd_task_011,robot_4,Central,Central,60.91,2,1,4.0,4,1,0.08,1.02,20,495,1.0,3250,77.65,73.65,53.0,6,143.8
run_1789022436,rnd_task_012,robot_3,North,North,14.74,2,0,4.0,4,1,0.61,0.45,20,413,1.0,2392,61.97,57.97,53.1,6,111.29
run_1789022436,rnd_task_013,robot_2,South,North,77.84,4,2,4.0,4,2,0.77,1.17,22,655,1.0,3220,82.9,78.9,52.3,6,150.89
run_1789022436,rnd_task_015,robot_1,Central,North,100.1,4,2,4.0,4,2,0.29,1.17,35,971,1.0,4674,112.24,108.24,52.6,7,216.6
run_1789022436,rnd_task_016,robot_4,North,North,43.06,2,1,4.0,4,1,1.15,0.92,22,613,1.0,2991,59.89,55.89,52.0,5,133.7
run_1789022436,rnd_task_017,robot_3,North,North,53.99,2,1,4.0,4,1,1.34,0.89,39,1174,1.0,7713,181.51,177.51,52.8,9,320.4
run_1789022436,rnd_task_018,robot_2,South,North,68.63,4,2,4.0,4,2,0.18,1.24,33,569,1.0,4139,82.9,78.9,52.8,5,171.41
run_1789022436,rnd_task_019,robot_4,South,North,72.98,4,2,4.0,4,2,0.58,0.68,30,510,1.0,3953,82.63,78.63,52.5,5,160.59
run_1789022436,rnd_task_020,robot_1,North,North,26.6,2,1,4.0,4,1,1.8,0.39,18,301,1.0,3094,61.14,57.14,53.1,5,120.8
run_1789022436,rnd_task_022,robot_2,Central,North,35.54,2,1,4.0,4,2,0.0,0.39,22,460,1.0,2715,70.6,66.6,52.8,7,115.3
run_1789022436,rnd_task_023,robot_4,North,North,33.5,2,1,4.0,4,1,0.0,1.6,17,210,1.0,1547,32.94,28.94,51.9,5,58.1
run_1789022436,rnd_task_024,robot_1,Central,North,38.87,2,1,4.0,4,2,0.8,0.41,18,316,1.0,1821,38.76,34.76,53.0,5,79.79
run_1789022436,rnd_task_025,robot_3,North,North,9.14,2,0,4.0,4,1,0.0,1.6,18,258,1.0,1160,35.41,31.41,53.2,6,60.1
run_1789022436,rnd_task_026,robot_4,Central,Central,46.78,2,0,4.0,4,1,0.0,1.6,21,331,1.0,1373,41.8,37.8,52.7,6,73.8
run_1789022436,rnd_task_027,robot_2,South,North,60.85,4,2,4.0,4,2,0.3,0.91,33,453,1.0,3924,94.96,90.96,52.6,6,181.71
run_1789022436,rnd_task_028,robot_1,South,South,36.57,2,1,4.0,4,1,0.58,0.56,33,446,1.0,4163,97.83,93.83,52.9,6,186.58
run_1789022436,rnd_task_029,robot_3,North,North,40.46,2,1,4.0,4,1,0.0,0.17,23,243,1.0,1613,38.87,34.87,52.9,4,72.64
run_1789022436,rnd_task_030,robot_4,North,Central,23.19,2,0,4.0,4,2,1.19,0.66,24,282,1.0,3447,80.58,76.58,52.0,5,150.62
run_1789022436,rnd_task_031,robot_3,North,North,11.58,2,0,4.0,4,1,0.23,1.57,10,122,1.0,1050,34.59,30.59,51.9,3,51.4
run_1789022436,rnd_task_035,robot_1,North,North,19.55,2,0,4.0,4,1,0.0,1.6,17,223,1.0,4176,78.86,74.86,52.6,3,134.89
run_1789022436,rnd_task_036,robot_4,South,South,32.0,2,1,4.0,4,1,0.0,1.6,13,108,1.0,2441,39.66,35.66,52.9,1,77.69
run_1789022436,rnd_task_037,robot_4,South,Central,75.02,4,2,4.0,4,2,0.0,1.6,12,217,1.0,3020,57.98,53.98,52.1,2,100.7
run_1789022436,rnd_task_038,robot_1,Central,South,23.83,2,0,4.0,4,2,0.0,1.6,15,169,1.0,2817,53.89,49.89,52.5,2,95.69
run_1789022436,rnd_task_039,robot_4,South,Central,40.61,2,1,4.0,4,2,0.0,1.6,12,156,1.0,3642,72.23,68.23,52.1,3,128.2
run_1789022436,rnd_task_040,robot_2,North,South,71.72,4,2,4.0,4,2,1.33,0.37,23,262,1.0,4068,85.48,81.48,52.5,3,162.0
run_1789022436,rnd_task_041,robot_1,Central,South,93.74,4,2,4.0,4,2,0.0,1.6,23,238,1.0,3018,67.64,63.64,52.7,4,128.78
run_1789022436,rnd_task_043,robot_4,North,North,13.73,2,0,4.0,4,1,1.52,0.29,26,341,1.0,3661,96.27,92.27,52.2,4,162.29
run_1789022436,rnd_task_044,robot_2,South,North,71.83,4,2,4.0,4,2,0.0,1.6,23,384,1.0,3211,79.61,75.61,52.6,5,148.09
run_1789022436,rnd_task_045,robot_1,North,North,50.15,2,1,4.0,4,1,0.13,1.25,18,270,1.0,2296,45.29,41.29,53.2,3,101.02
run_1789022436,rnd_task_046,robot_4,North,South,57.69,4,2,4.0,4,2,0.05,1.63,17,283,1.0,2124,52.73,48.73,52.1,3,96.6
run_1789022436,rnd_task_047,robot_1,Central,North,71.84,2,1,4.0,4,2,0.0,1.6,15,366,1.0,3390,74.22,70.22,52.8,2,137.51
run_1789027296,rnd_task_001,robot_4,North,South,56.62,4,2,4.0,4,2,0.17,0.46,40,664,1.0,1783,51.44,47.44,75.1,3,131.12
run_1789027296,rnd_task_002,robot_3,South,Central,84.71,4,2,4.0,4,2,0.33,0.0,35,512,1.0,1276,51.62,47.62,75.1,3,95.9
run_1789027296,rnd_task_003,robot_1,South,South,14.5,2,0,4.0,4,1,0.59,0.62,42,700,1.0,1771,78.91,74.91,74.7,3,137.11
run_1789027296,rnd_task_004,robot_2,North,North,30.2,2,1,4.0,4,1,0.07,3.1,34,433,1.0,921,36.72,32.72,74.6,3,74.02
run_1789129941,rnd_task_001,robot_1,South,South,24.94,2,0,0.46,4,1,0.05,0.01,2,17,0.044,109,255.64,251.64,500.0,3,496.4
run_1789129941,rnd_task_002,robot_2,North,North,35.25,2,1,0.46,4,1,0.1,0.09,7,47,0.076,123,580.92,576.92,500.0,6,968.2
run_1789129941,rnd_task_003,robot_3,South,North,85.6,4,2,0.46,4,2,0.03,0.02,5,34,0.074,72,356.82,352.82,500.0,4,677.8
run_1789129941,rnd_task_004,robot_4,North,North,30.2,2,1,0.46,4,1,0.01,0.07,6,37,0.075,72,478.3,474.3,500.0,5,774.4
run_1789129941,rnd_task_005,robot_1,North,South,50.67,4,2,0.46,4,2,0.0,0.67,7,42,0.073,53,510.1,506.1,500.0,6,849.48
run_1789129941,rnd_task_006,robot_3,North,South,65.89,4,2,0.46,4,2,0.02,0.27,7,49,0.071,197,363.72,359.72,500.0,6,989.74
run_1789129941,rnd_task_007,robot_4,South,North,66.35,4,2,0.46,4,2,0.06,0.23,12,79,0.078,267,845.06,841.06,500.0,8,1544.94
run_1789129941,rnd_task_008,robot_2,North,South,6.0,0,2,0.46,4,2,0.13,0.31,7,53,0.087,209,460.24,456.24,500.0,5,942.6
run_1789129941,rnd_task_009,robot_1,North,Central,64.69,4,2,0.46,4,2,0.06,0.13,6,54,0.1,210,426.1,422.1,500.0,5,823.46
run_1789129941,rnd_task_010,robot_3,Central,North,100.1,4,2,0.46,4,2,0.0,0.0,8,47,0.094,71,274.5,270.5,500.0,6,744.0
run_1789129941,rnd_task_013,robot_2,North,South,43.19,4,2,0.46,4,2,0.0,0.18,7,37,0.071,103,593.72,589.72,500.0,6,761.2
run_1789129941,rnd_task_014,robot_1,North,North,6.0,0,1,0.46,4,1,0.01,0.0,8,46,0.085,100,505.88,501.88,500.0,6,795.86
run_1789129941,rnd_task_015,robot_4,South,North,82.81,4,2,0.46,4,2,0.14,0.06,17,120,0.066,608,2603.26,2599.26,500.0,10,2959.4
run_1789129941,rnd_task_016,robot_3,North,South,59.88,4,2,0.46,4,2,0.01,0.0,8,48,0.077,138,767.84,763.84,500.0,5,939.38
run_1789129941,rnd_task_017,robot_2,South,North,97.33,4,2,0.46,4,2,0.0,0.0,6,41,0.075,119,381.52,377.52,500.0,5,798.68
run_1789129941,rnd_task_018,robot_1,Central,South,0.67,0,2,0.46,4,2,0.05,0.0,5,26,0.056,97,336.16,332.16,500.0,5,638.2
run_1789129941,rnd_task_019,robot_3,Central,Central,78.22,4,2,0.46,4,1,0.02,0.0,5,24,0.064,92,155.84,151.84,500.0,5,497.2
run_1789129941,rnd_task_020,robot_2,South,South,22.15,2,0,0.46,4,1,0.14,0.0,7,48,0.05,419,1067.16,1063.16,500.0,5,1441.8
run_1789129941,rnd_task_021,robot_1,South,Central,22.65,2,0,0.46,4,2,0.17,0.0,5,30,0.052,285,425.98,421.98,500.0,4,804.18
run_1789129941,rnd_task_022,robot_3,North,South,48.39,4,2,0.46,4,2,0.01,0.16,8,49,0.049,369,449.28,445.28,500.0,3,1516.4
run_1789131433,rnd_task_001,robot_4,North,North,22.26,2,1,0.46,4,1,0.02,0.0,4,23,0.068,60,337.9,333.9,500.0,4,531.8
run_1789131433,rnd_task_002,robot_3,South,North,52.36,4,2,0.46,4,2,0.15,0.03,7,47,0.04,668,1231.9,1227.9,500.0,7,1820.0
run_1789131433,rnd_task_003,robot_1,Central,Central,42.28,2,0,0.46,4,1,0.03,0.0,4,22,0.07,31,269.7,265.7,500.0,3,427.4
run_1789131433,rnd_task_004,robot_2,Central,South,69.97,4,2,0.46,4,2,0.05,0.0,6,35,0.064,130,669.4,665.4,500.0,5,880.4
run_1789131433,rnd_task_005,robot_1,North,Central,81.91,4,2,0.46,4,2,0.18,0.16,4,26,0.021,866,1150.34,1146.34,500.0,7,1793.0
run_1789131433,rnd_task_006,robot_4,North,North,35.25,2,1,0.46,4,1,0.26,0.06,2,19,0.021,564,844.74,840.74,500.0,4,1222.02
run_1789131433,rnd_task_007,robot_2,North,South,68.9,4,2,0.46,4,2,0.23,0.08,5,30,0.021,1043,1984.8,1980.8,500.0,6,2207.38
run_1789131433,rnd_task_008,robot_4,North,North,0.85,0,1,0.46,4,1,0.13,0.11,6,34,0.032,590,672.12,668.12,500.0,6,1542.0
run_1789131433,rnd_task_011,robot_3,South,North,66.86,4,2,0.46,4,2,0.09,0.02,9,66,0.046,579,1879.98,1875.98,500.0,10,2257.8
run_1789131433,rnd_task_014,robot_1,South,North,6.0,0,2,0.46,4,2,0.02,0.0,5,34,0.046,282,729.72,725.72,500.0,5,1085.0
run_1789131433,rnd_task_016,robot_2,South,South,47.38,2,1,0.46,4,1,0.0,0.18,4,24,0.073,60,92.1,88.1,500.0,5,435.8
run_1789131433,rnd_task_017,robot_4,North,North,8.95,2,0,0.46,4,1,0.04,0.11,7,37,0.08,31,229.66,225.66,500.0,6,674.92
run_1789131433,rnd_task_018,robot_1,Central,South,73.25,4,2,0.46,4,2,0.05,0.14,5,29,0.086,26,276.24,272.24,500.0,4,509.0
run_1789131433,rnd_task_019,robot_2,North,North,37.05,2,1,0.46,4,1,0.0,0.18,5,30,0.075,2,339.88,335.88,500.0,6,616.8
run_1789131433,rnd_task_021,robot_1,North,South,60.37,4,2,0.46,4,2,0.0,0.18,5,31,0.05,49,504.28,500.28,500.0,6,883.8
run_1789131433,rnd_task_022,robot_4,Central,Central,56.42,2,1,0.46,4,1,0.13,0.24,7,54,0.075,65,343.98,339.98,500.0,7,1151.5
run_1789131433,rnd_task_023,robot_3,North,Central,56.42,2,1,0.46,4,2,0.25,0.42,4,35,0.062,60,356.94,352.94,500.0,5,904.2
run_1789131433,rnd_task_024,robot_2,Central,South,91.46,4,2,0.46,4,2,0.0,0.18,3,18,0.052,24,177.18,173.18,500.0,3,422.0
run_1789131433,rnd_task_026,robot_1,Central,Central,81.52,4,2,0.46,4,1,0.0,0.18,4,24,0.111,9,114.66,110.66,500.0,2,307.0
run_1789131433,rnd_task_028,robot_1,North,Central,24.44,2,0,0.46,4,2,0.0,0.18,4,18,0.082,61,180.36,176.36,500.0,1,292.4
