task_id,run_id,pickup_location,drop_location,priority,creation_time,assignment_time,start_time,completion_time,assigned_robot,travel_distance,travel_time,waiting_time,success,failure_reason
rnd_task_003,run_1789030083,"(-15.67, -23.70)","(-11.35, -13.53)",100,1020.0000000000001,1023.0600000000001,1023.1,1120.04,robot_1,14.92,96.94,6.0,True,None
rnd_task_001,run_1789031643,"(15.67, 25.74)","(15.67, -25.74)",100,1021.0000000000001,1024.54,1024.6000000000001,1221.2,robot_8,69.49,196.6,6.0,True,None
rnd_task_002,run_1789031643,"(19.99, -27.77)","(0.00, 3.05)",100,1024.0,1026.52,1026.6000000000001,1561.2,robot_7,49.6,534.6,6.0,True,None
rnd_task_003,run_1789031643,"(-15.67, -23.70)","(-11.35, -13.53)",100,1028.0,1031.04,1031.1000000000001,1252.5,robot_1,14.92,221.4,6.0,True,None
rnd_task_004,run_1789031643,"(0.00, 26.75)","(15.67, 27.77)",100,1032.0,1035.02,1035.1000000000001,1287.52,robot_3,21.2,252.42,6.0,True,None
rnd_task_005,run_1789031643,"(-15.67, -27.77)","(15.67, -17.60)",100,1036.0,1039.16,1039.2,1283.02,robot_2,44.48,243.82,6.0,True,None
rnd_task_006,run_1789031643,"(11.35, -4.07)","(19.99, -27.77)",100,1221.0,1224.1200000000001,1224.2,1431.6000000000001,robot_8,34.06,207.4,6.0,True,None
rnd_task_007,run_1789031643,"(-11.35, -21.67)","(-15.67, 21.67)",100,1252.0,1255.0400000000002,1255.1000000000001,1441.1000000000001,robot_1,58.79,186.0,6.0,True,None
rnd_task_008,run_1789031643,"(-2.54, 0.00)","(15.67, 23.70)",100,1283.0,1286.16,1286.2,1584.8000000000002,robot_4,40.35,298.6,6.0,True,None
rnd_task_009,run_1789031643,"(-11.35, -17.60)","(-11.35, -21.67)",100,1287.0,1290.0800000000002,1290.1000000000001,1435.0,robot_6,5.49,144.9,6.0,True,None
rnd_task_010,run_1789031643,"(15.67, -27.77)","(19.99, 2.04)",100,1431.0,1434.1000000000001,1434.2,1907.3000000000002,robot_8,40.66,473.1,6.0,True,None
rnd_task_011,run_1789031643,"(15.67, -2.04)","(-11.35, -4.07)",100,1435.0,1438.0,1438.1000000000001,1633.5,robot_2,36.58,195.4,6.0,True,None
rnd_task_012,run_1789031643,"(19.99, 19.63)","(11.35, 25.74)",100,1441.0,1444.02,1444.1000000000001,1748.0600000000002,robot_3,14.28,303.96,6.0,True,None
rnd_task_013,run_1789031643,"(-2.54, -6.11)","(15.67, 25.74)",100,1561.0,1564.0200000000002,1564.1000000000001,1699.6000000000001,robot_7,49.52,135.5,6.0,True,None
rnd_task_014,run_1789031643,"(-11.35, -19.63)","(-15.67, 0.00)",100,1584.0,1587.0800000000002,1587.1000000000001,1767.3000000000002,robot_6,27.14,180.2,6.0,True,None
rnd_task_015,run_1789031643,"(-19.99, -2.04)","(15.67, 13.53)",100,1633.0,1636.0400000000002,1636.1000000000001,1979.8000000000002,robot_2,52.53,343.7,6.0,True,None
rnd_task_016,run_1789031643,"(19.99, 25.74)","(-15.67, 21.67)",100,1699.0,1702.0400000000002,1702.1000000000001,1880.7,robot_7,48.45,178.6,6.0,True,None
rnd_task_017,run_1789031643,"(-15.67, 6.11)","(19.99, 15.56)",100,1748.0,1751.0,1751.1000000000001,1918.6000000000001,robot_1,49.81,167.5,6.0,True,None
rnd_task_018,run_1789031643,"(19.99, -21.67)","(-2.54, 15.56)",100,1767.0,1770.5400000000002,1770.6000000000001,2497.1000000000004,robot_5,58.74,726.5,6.0,True,None
rnd_task_019,run_1789031643,"(15.67, -17.60)","(0.00, 5.09)",100,1880.0000000000002,1883.1200000000001,1883.2,2108.5,robot_6,37.22,225.3,6.0,True,None
rnd_task_020,run_1789031643,"(-19.99, 23.70)","(2.54, 19.63)",100,1907.0000000000002,1910.0400000000002,1910.1000000000001,2055.2000000000003,robot_7,30.9,145.1,6.0,True,None
rnd_task_021,run_1789031643,"(19.99, -25.74)","(0.00, 5.09)",100,1918.0000000000002,1921.1000000000001,1921.1000000000001,2142.6,robot_8,49.6,221.5,6.0,True,None
rnd_task_022,run_1789031643,"(-2.54, 0.00)","(-15.67, 17.60)",100,1979.0000000000002,1982.0800000000002,1982.1000000000001,2361.1000000000004,robot_2,29.64,379.0,6.0,True,None
rnd_task_023,run_1789031643,"(-15.67, 6.11)","(-2.54, 13.53)",100,2055.0,2058.02,2058.1,2213.1000000000004,robot_7,20.37,155.0,6.0,True,None
rnd_task_024,run_1789031643,"(2.54, 0.00)","(15.67, 25.74)",100,2108.0,2111.04,2111.1,2310.8,robot_6,39.01,199.7,6.0,True,None
rnd_task_025,run_1789031643,"(-2.54, 23.70)","(2.54, 19.63)",100,2142.0,2145.04,2145.1,2248.6000000000004,robot_3,8.78,103.5,6.0,True,None
rnd_task_026,run_1789031643,"(11.35, 0.00)","(2.54, 2.04)",100,2213.0,2216.0,2216.1000000000004,2418.7000000000003,robot_1,12.21,202.6,6.0,True,None
rnd_task_027,run_1789031643,"(-19.99, -13.53)","(-11.35, 25.74)",100,2248.0,2251.04,2251.1000000000004,2850.8,robot_8,54.28,599.7,6.0,True,None
rnd_task_028,run_1789031643,"(19.99, -23.70)","(0.00, -7.12)",100,2310.0,2313.08,2313.1000000000004,2444.4,robot_7,35.06,131.3,6.0,True,None
rnd_task_029,run_1789031643,"(19.99, 19.63)","(-15.67, 15.56)",100,2361.0,2364.1000000000004,2364.1000000000004,3023.52,robot_3,48.45,659.42,6.0,True,None
rnd_task_030,run_1789031643,"(0.00, 24.72)","(-2.54, 4.07)",100,2418.0,2421.1200000000003,2421.2000000000003,2672.5,robot_6,28.09,251.3,6.0,True,None
rnd_task_031,run_1789031643,"(-2.54, 17.60)","(-11.35, 19.63)",100,2444.0,2447.52,2447.6000000000004,2520.8,robot_1,12.21,73.2,6.0,True,None
rnd_task_032,run_1789031643,"(2.54, 25.74)","(-15.67, 0.00)",100,2497.0,2500.06,2500.1000000000004,2675.7000000000003,robot_5,42.56,175.6,6.0,True,None
rnd_task_033,run_1789031643,"(-15.67, 0.00)","(-11.35, -17.60)",100,2510.0,2513.02,2513.1000000000004,2950.2000000000003,robot_7,24.46,437.1,6.0,True,None
rnd_task_034,run_1789031643,"(-2.54, -4.07)","(0.00, -1.02)",100,2520.0,2523.0,2523.1000000000004,2655.0,robot_2,5.36,131.9,6.0,True,None
rnd_task_035,run_1789031643,"(19.99, 13.53)","(11.35, 15.56)",100,2655.0,2658.02,2658.1000000000004,2830.1200000000003,robot_2,11.98,172.02,6.0,True,None
rnd_task_036,run_1789031643,"(11.35, -27.77)","(0.00, -7.12)",100,2672.0,2675.04,2675.1000000000004,3007.3,robot_6,31.81,332.2,6.0,True,None
rnd_task_037,run_1789031643,"(-15.67, -19.63)","(0.00, 1.02)",100,2677.0,2680.04,2680.1000000000004,2840.52,robot_5,35.0,160.42,6.0,True,None
rnd_task_038,run_1789031643,"(11.35, -4.07)","(11.35, -25.74)",100,2815.0,2818.0800000000004,2818.1000000000004,2955.3,robot_4,29.25,137.2,6.0,True,None
rnd_task_039,run_1789031643,"(15.67, -13.53)","(-2.54, -4.07)",100,2830.0,2833.0,2833.1000000000004,3024.4,robot_2,27.7,191.3,6.0,True,None
rnd_task_041,run_1789031643,"(-19.99, 2.04)","(11.35, -15.56)",100,2955.0,2958.04,2958.1000000000004,3580.0,robot_5,48.52,621.9,6.0,True,None
rnd_task_042,run_1789031643,"(11.35, -15.56)","(19.99, 2.04)",100,3007.0,3010.5800000000004,3010.6000000000004,3536.3,robot_4,26.47,525.7,6.0,True,None
rnd_task_043,run_1789031643,"(0.00, 16.58)","(-2.54, 27.77)",100,3023.0,3026.1000000000004,3026.2000000000003,3092.6000000000004,robot_3,15.49,66.4,6.0,True,None
rnd_task_044,run_1789031643,"(-11.35, -19.63)","(15.67, 15.56)",100,3026.0,3029.0800000000004,3029.1000000000004,3185.9,robot_7,59.9,156.8,6.0,True,None
rnd_task_045,run_1789031643,"(19.99, 15.56)","(-19.99, 25.74)",100,3092.0,3095.1000000000004,3095.1000000000004,3836.2000000000003,robot_3,55.69,741.1,6.0,True,None
rnd_task_046,run_1789031643,"(-2.54, 15.56)","(-11.35, -15.56)",100,3186.0,3189.1000000000004,3189.2000000000003,3365.6000000000004,robot_7,43.67,176.4,6.0,True,None
rnd_task_047,run_1789031643,"(-19.99, 2.04)","(19.99, 6.11)",100,3365.0,3368.0200000000004,3368.1000000000004,3684.0000000000005,robot_2,54.25,315.9,6.0,True,None
rnd_task_048,run_1789031643,"(-15.67, -21.67)","(19.99, 21.67)",100,3536.0,3539.1000000000004,3539.2000000000003,3847.4,robot_7,75.76,308.2,6.0,True,None
rnd_task_049,run_1789031643,"(-19.99, 6.11)","(-15.67, -4.07)",100,3580.0,3583.0400000000004,3583.1000000000004,3758.6000000000004,robot_6,14.92,175.5,6.0,True,None
rnd_task_050,run_1789031643,"(0.00, -1.02)","(11.35, 27.77)",100,3684.0000000000005,3687.1000000000004,3687.2000000000003,3817.1000000000004,robot_4,41.78,129.9,6.0,True,None
rnd_task_001,run_1789035953,"(15.67, 25.74)","(15.67, -25.74)",100,1022.2600000000001,1022.5000000000001,1022.6,1550.3000000000002,robot_8,69.49,527.7,6.0,True,None
rnd_task_003,run_1789035953,"(-15.67, -23.70)","(-11.35, -13.53)",100,1025.0,1028.02,1028.1000000000001,1439.0,robot_1,14.92,410.9,6.0,True,None
rnd_task_004,run_1789035953,"(0.00, 26.75)","(15.67, 27.77)",100,1029.0,1032.02,1032.1000000000001,1194.7,robot_5,21.2,162.6,6.0,True,None
rnd_task_005,run_1789035953,"(-15.67, -27.77)","(15.67, -17.60)",100,1033.0,1036.04,1036.1000000000001,1716.1000000000001,robot_2,44.48,680.0,6.0,True,None
rnd_task_007,run_1789035953,"(-11.35, -21.67)","(-15.67, 21.67)",100,1321.0,1324.02,1324.1000000000001,1593.8000000000002,robot_3,58.79,269.7,6.0,True,None
rnd_task_008,run_1789035953,"(-2.54, 0.00)","(15.67, 23.70)",100,1324.0,1327.0600000000002,1327.1000000000001,1818.4,robot_4,40.35,491.3,6.0,True,None
rnd_task_009,run_1789035953,"(-11.35, -17.60)","(-11.35, -21.67)",100,1439.0,1442.0400000000002,1442.1000000000001,1624.8000000000002,robot_1,5.49,182.7,6.0,True,None
rnd_task_010,run_1789035953,"(15.67, -27.77)","(19.99, 2.04)",100,1593.0,1596.0,1596.1000000000001,1820.4,robot_7,40.66,224.3,6.0,True,None
rnd_task_012,run_1789035953,"(19.99, 19.63)","(11.35, 25.74)",100,1716.0,1719.0,1719.1000000000001,1858.1000000000001,robot_5,14.28,139.0,6.0,True,None
rnd_task_003,run_1788949062,"(-15.67, -23.70)","(-11.35, -13.53)",100,206.0,208.5,208.60000000000002,295.5,robot_1,14.92,86.9,6.0,True,None
rnd_task_003,run_1788949585,"(-15.67, -23.70)","(-11.35, -13.53)",100,200.0,202.51000000000002,202.60000000000002,298.8,robot_1,14.92,96.2,6.0,True,None
rnd_task_002,run_1788950261,"(19.99, -27.77)","(0.00, 3.05)",100,187.0,189.5,189.60000000000002,339.6,robot_3,49.6,150.0,6.0,True,None
rnd_task_003,run_1788950261,"(-15.67, -23.70)","(-11.35, -13.53)",100,191.0,193.5,193.60000000000002,292.70000000000005,robot_1,14.92,99.1,6.0,True,None
rnd_task_004,run_1788950261,"(0.00, 26.75)","(15.67, 27.77)",100,195.0,197.5,197.60000000000002,393.5,robot_2,21.2,195.9,6.0,True,None
rnd_task_002,run_1788951139,"(19.99, -27.77)","(0.00, 3.05)",100,206.0,208.5,208.60000000000002,369.20000000000005,robot_3,49.6,160.6,6.0,True,None
rnd_task_003,run_1788951139,"(-15.67, -23.70)","(-11.35, -13.53)",100,210.0,212.5,212.60000000000002,318.5,robot_1,14.92,105.9,6.0,True,None
rnd_task_004,run_1788951139,"(0.00, 26.75)","(15.67, 27.77)",100,214.01000000000002,217.03,217.10000000000002,403.0,robot_2,21.2,185.9,6.0,True,None
rnd_task_002,run_1788963734,"(19.99, -27.77)","(0.00, 3.05)",100,581.0,583.5,583.6,710.0,robot_3,49.6,126.4,6.0,True,None
rnd_task_003,run_1788963734,"(-15.67, -23.70)","(-11.35, -13.53)",100,585.0,587.5,587.6,626.2,robot_1,14.92,38.6,6.0,True,None
rnd_task_004,run_1788963734,"(0.00, 26.75)","(15.67, 27.77)",100,589.0,591.5,591.6,662.5,robot_2,21.2,70.9,6.0,True,None
rnd_task_006,run_1788963734,"(11.35, -4.07)","(19.99, -27.77)",100,626.0,628.5,628.6,715.8000000000001,robot_1,34.06,87.2,6.0,True,None
rnd_task_001,run_1788964354,"(15.67, 25.74)","(15.67, -25.74)",100,584.0,586.5,586.6,794.4000000000001,robot_4,69.49,207.8,6.0,True,None
rnd_task_002,run_1788964354,"(19.99, -27.77)","(0.00, 3.05)",100,587.0,589.5,589.6,653.5,robot_3,49.6,63.9,6.0,True,None
rnd_task_003,run_1788964354,"(-15.67, -23.70)","(-11.35, -13.53)",100,591.0,593.5,593.6,742.5,robot_1,14.92,148.9,6.0,True,None
rnd_task_004,run_1788964354,"(0.00, 26.75)","(15.67, 27.77)",100,595.0,597.5,597.6,722.4000000000001,robot_2,21.2,124.8,6.0,True,None
rnd_task_006,run_1788964354,"(11.35, -4.07)","(19.99, -27.77)",100,653.0,655.5,655.6,794.4000000000001,robot_3,34.06,138.8,6.0,True,None
rnd_task_001,run_1788964915,"(15.67, 25.74)","(15.67, -25.74)",100,572.0,574.5,574.6,696.3000000000001,robot_4,69.49,121.7,6.0,True,None
rnd_task_002,run_1788964915,"(19.99, -27.77)","(0.00, 3.05)",100,575.0,577.5,577.6,666.5,robot_3,49.6,88.9,6.0,True,None
rnd_task_003,run_1788964915,"(-15.67, -23.70)","(-11.35, -13.53)",100,579.0,581.5,581.6,667.0,robot_1,14.92,85.4,6.0,True,None
rnd_task_004,run_1788964915,"(0.00, 26.75)","(15.67, 27.77)",100,583.0,585.5,585.6,691.3000000000001,robot_2,21.2,105.7,6.0,True,None
rnd_task_001,run_1788965203,"(15.67, 25.74)","(15.67, -25.74)",100,559.0,561.5,561.6,683.7,robot_4,69.49,122.1,6.0,True,None
rnd_task_002,run_1788965203,"(19.99, -27.77)","(0.00, 3.05)",100,562.0,564.5,564.6,649.5,robot_3,49.6,84.9,6.0,True,None
rnd_task_003,run_1788965203,"(-15.67, -23.70)","(-11.35, -13.53)",100,566.0,568.5,568.6,637.6,robot_1,14.92,69.0,6.0,True,None
rnd_task_004,run_1788965203,"(0.00, 26.75)","(15.67, 27.77)",100,570.0,572.5,572.6,683.8000000000001,robot_2,21.2,111.2,6.0,True,None
rnd_task_001,run_1788965493,"(15.67, 25.74)","(15.67, -25.74)",100,549.0,551.5,551.6,683.3000000000001,robot_4,69.49,131.7,6.0,True,None
rnd_task_002,run_1788965493,"(19.99, -27.77)","(0.00, 3.05)",100,552.0,554.5,554.6,633.3000000000001,robot_3,49.6,78.7,6.0,True,None
rnd_task_003,run_1788965493,"(-15.67, -23.70)","(-11.35, -13.53)",100,556.0,558.5,558.6,620.9000000000001,robot_1,14.92,62.3,6.0,True,None
rnd_task_004,run_1788965493,"(0.00, 26.75)","(15.67, 27.77)",100,560.0,562.5,562.6,692.5,robot_2,21.2,129.9,6.0,True,None
rnd_task_001,run_1788965812,"(15.67, 25.74)","(15.67, -25.74)",100,545.45,548.5,548.6,681.4000000000001,robot_4,69.49,132.8,6.0,True,None
rnd_task_002,run_1788965812,"(19.99, -27.77)","(0.00, 3.05)",100,548.0,550.5,550.6,725.0,robot_3,49.6,174.4,6.0,True,None
rnd_task_003,run_1788965812,"(-15.67, -23.70)","(-11.35, -13.53)",100,552.0,554.5,554.6,667.0,robot_1,14.92,112.4,6.0,True,None
rnd_task_004,run_1788965812,"(0.00, 26.75)","(15.67, 27.77)",100,556.0,558.5,558.6,692.8000000000001,robot_2,21.2,134.2,6.0,True,None
rnd_task_001,run_1788966178,"(15.67, 25.74)","(15.67, -25.74)",100,546.0,548.5,548.6,743.0,robot_4,69.49,194.4,6.0,True,None
rnd_task_002,run_1788966178,"(19.99, -27.77)","(0.00, 3.05)",100,549.0,551.5,551.6,653.1,robot_3,49.6,101.5,6.0,True,None
rnd_task_003,run_1788966178,"(-15.67, -23.70)","(-11.35, -13.53)",100,553.0,555.5,555.6,633.5,robot_1,14.92,77.9,6.0,True,None
rnd_task_006,run_1788966178,"(11.35, -4.07)","(19.99, -27.77)",100,633.0,635.5,635.6,706.2,robot_1,34.06,70.6,6.0,True,None
rnd_task_001,run_1788966645,"(15.67, 25.74)","(15.67, -25.74)",100,564.0,566.5,566.6,759.6,robot_4,69.49,193.0,6.0,True,None
rnd_task_002,run_1788966645,"(19.99, -27.77)","(0.00, 3.05)",100,567.0,569.5,569.6,670.0,robot_3,49.6,100.4,6.0,True,None
rnd_task_004,run_1788966645,"(0.00, 26.75)","(15.67, 27.77)",100,575.0,577.5,577.6,668.6,robot_2,21.2,91.0,6.0,True,None
rnd_task_006,run_1788966645,"(11.35, -4.07)","(19.99, -27.77)",100,668.0,670.5,670.6,783.1,robot_2,34.06,112.5,6.0,True,None
rnd_task_001,run_1788967073,"(15.67, 25.74)","(15.67, -25.74)",100,544.0,546.5,546.6,741.6,robot_4,69.49,195.0,6.0,True,None
rnd_task_002,run_1788967073,"(19.99, -27.77)","(0.00, 3.05)",100,547.0,549.5,549.6,688.0,robot_3,49.6,138.4,6.0,True,None
rnd_task_003,run_1788967073,"(-15.67, -23.70)","(-11.35, -13.53)",100,551.0,553.5,553.6,703.8000000000001,robot_1,14.92,150.2,6.0,True,None
rnd_task_004,run_1788967073,"(0.00, 26.75)","(15.67, 27.77)",100,555.0,557.5,557.6,657.1,robot_2,21.2,99.5,6.0,True,None
rnd_task_001,run_1788967459,"(15.67, 25.74)","(15.67, -25.74)",100,561.0,563.5,563.6,785.4000000000001,robot_4,69.49,221.8,6.0,True,None
rnd_task_003,run_1788967459,"(-15.67, -23.70)","(-11.35, -13.53)",100,568.0,570.5,570.6,619.8000000000001,robot_1,14.92,49.2,6.0,True,None
rnd_task_004,run_1788967459,"(0.00, 26.75)","(15.67, 27.77)",100,572.0,574.5,574.6,706.1,robot_2,21.2,131.5,6.0,True,None
rnd_task_006,run_1788967459,"(11.35, -4.07)","(19.99, -27.77)",100,619.0,621.5,621.6,813.3000000000001,robot_1,34.06,191.7,6.0,True,None
rnd_task_001,run_1788967943,"(15.67, 25.74)","(15.67, -25.74)",100,542.7,546.0,546.1,705.8000000000001,robot_4,69.49,159.7,6.0,True,None
rnd_task_002,run_1788967943,"(19.99, -27.77)","(0.00, 3.05)",100,546.0,548.5,548.6,639.7,robot_3,49.6,91.1,6.0,True,None
rnd_task_003,run_1788967943,"(-15.67, -23.70)","(-11.35, -13.53)",100,550.0,552.5,552.6,612.7,robot_1,14.92,60.1,6.0,True,None
rnd_task_004,run_1788967943,"(0.00, 26.75)","(15.67, 27.77)",100,554.0,556.5,556.6,673.0,robot_2,21.2,116.4,6.0,True,None
rnd_task_001,run_1788968291,"(15.67, 25.74)","(15.67, -25.74)",100,540.0,542.5,542.6,673.1,robot_4,69.49,130.5,6.0,True,None
rnd_task_002,run_1788968291,"(19.99, -27.77)","(0.00, 3.05)",100,543.0,545.5,545.6,616.1,robot_3,49.6,70.5,6.0,True,None
rnd_task_003,run_1788968291,"(-15.67, -23.70)","(-11.35, -13.53)",100,547.0,549.5,549.6,606.1,robot_1,14.92,56.5,6.0,True,None
rnd_task_004,run_1788968291,"(0.00, 26.75)","(15.67, 27.77)",100,551.0,553.5,553.6,673.1,robot_2,21.2,119.5,6.0,True,None
rnd_task_001,run_1788969018,"(15.67, 25.74)","(15.67, -25.74)",100,565.8000000000001,568.5,568.6,752.9000000000001,robot_4,69.49,184.3,6.0,True,None
rnd_task_002,run_1788969018,"(19.99, -27.77)","(0.00, 3.05)",100,569.0,571.5,571.6,675.4000000000001,robot_3,49.6,103.8,6.0,True,None
rnd_task_003,run_1788969018,"(-15.67, -23.70)","(-11.35, -13.53)",100,573.0,575.5,575.6,623.4000000000001,robot_1,14.92,47.8,6.0,True,None
rnd_task_004,run_1788969018,"(0.00, 26.75)","(15.67, 27.77)",100,577.0,579.5,579.6,689.8000000000001,robot_2,21.2,110.2,6.0,True,None
rnd_task_006,run_1788969018,"(11.35, -4.07)","(19.99, -27.77)",100,623.0,625.5,625.6,697.2,robot_1,34.06,71.6,6.0,True,None
rnd_task_007,run_1788969018,"(-11.35, -21.67)","(-15.67, 21.67)",100,675.0,677.5,677.6,808.3000000000001,robot_3,58.79,130.7,6.0,True,None
rnd_task_008,run_1788969018,"(-2.54, 0.00)","(15.67, 23.70)",100,689.0,691.5,691.6,849.4000000000001,robot_2,40.35,157.8,6.0,True,None
rnd_task_009,run_1788969018,"(-11.35, -17.60)","(-11.35, -21.67)",100,697.0,699.5,699.6,770.9000000000001,robot_1,5.49,71.3,6.0,True,None
rnd_task_010,run_1788969018,"(15.67, -27.77)","(19.99, 2.04)",100,753.0,755.51,755.6,850.5,robot_4,40.66,94.9,6.0,True,None
rnd_task_011,run_1788969018,"(15.67, -2.04)","(-11.35, -4.07)",100,770.0,772.5,772.6,942.1,robot_1,36.58,169.5,6.0,True,None
rnd_task_012,run_1788969018,"(19.99, 19.63)","(11.35, 25.74)",100,808.0,810.5,810.6,956.8000000000001,robot_3,14.28,146.2,6.0,True,None
rnd_task_013,run_1788969018,"(-2.54, -6.11)","(15.67, 25.74)",100,849.0,851.5,851.6,977.6,robot_2,49.52,126.0,6.0,True,None
rnd_task_014,run_1788969018,"(-11.35, -19.63)","(-15.67, 0.00)",100,854.0,856.5,856.6,994.3000000000001,robot_4,27.14,137.7,6.0,True,None
rnd_task_016,run_1788969018,"(19.99, 25.74)","(-15.67, 21.67)",100,942.0000000000001,944.5000000000001,944.6,1123.7,robot_1,48.45,179.1,6.0,True,None
rnd_task_017,run_1788969018,"(-15.67, 6.11)","(19.99, 15.56)",100,956.0000000000001,958.5000000000001,958.6,1045.5,robot_3,49.81,86.9,6.0,True,None
rnd_task_018,run_1788969018,"(19.99, -21.67)","(-2.54, 15.56)",100,977.0000000000001,979.5000000000001,979.6,1100.4,robot_2,58.74,120.8,6.0,True,None
rnd_task_019,run_1788969018,"(15.67, -17.60)","(0.00, 5.09)",100,994.0000000000001,996.5000000000001,996.6,1146.8000000000002,robot_4,37.22,150.2,6.0,True,None
rnd_task_020,run_1788969018,"(-19.99, 23.70)","(2.54, 19.63)",100,1045.0,1047.5,1047.6000000000001,1163.5,robot_3,30.9,115.9,6.0,True,None
rnd_task_021,run_1788969018,"(19.99, -25.74)","(0.00, 5.09)",100,1100.0,1102.5,1102.6000000000001,1292.3000000000002,robot_2,49.6,189.7,6.0,True,None
rnd_task_022,run_1788969018,"(-2.54, 0.00)","(-15.67, 17.60)",100,1123.0,1125.5,1125.6000000000001,1258.7,robot_1,29.64,133.1,6.0,True,None
rnd_task_023,run_1788969018,"(-15.67, 6.11)","(-2.54, 13.53)",100,1146.0,1148.5,1148.6000000000001,1198.2,robot_4,20.37,49.6,6.0,True,None
rnd_task_024,run_1788969018,"(2.54, 0.00)","(15.67, 25.74)",100,1163.0,1165.5,1165.6000000000001,1299.3000000000002,robot_3,39.01,133.7,6.0,True,None
rnd_task_026,run_1788969018,"(11.35, 0.00)","(2.54, 2.04)",100,1198.0,1200.5,1200.6000000000001,1262.0,robot_4,12.21,61.4,6.0,True,None
rnd_task_027,run_1788969018,"(-19.99, -13.53)","(-11.35, 25.74)",100,1258.0,1260.5,1260.6000000000001,1473.3000000000002,robot_1,54.28,212.7,6.0,True,None
rnd_task_028,run_1788969018,"(19.99, -23.70)","(0.00, -7.12)",100,1263.0,1265.5,1265.6000000000001,1373.2,robot_4,35.06,107.6,6.0,True,None
rnd_task_029,run_1788969018,"(19.99, 19.63)","(-15.67, 15.56)",100,1292.0,1294.5,1294.6000000000001,1490.1000000000001,robot_2,48.45,195.5,6.0,True,None
rnd_task_030,run_1788969018,"(0.00, 24.72)","(-2.54, 4.07)",100,1299.0,1301.5,1301.6000000000001,1367.1000000000001,robot_3,28.09,65.5,6.0,True,None
rnd_task_031,run_1788969018,"(-2.54, 17.60)","(-11.35, 19.63)",100,1367.0,1369.5,1369.6000000000001,1459.6000000000001,robot_3,12.21,90.0,6.0,True,None
rnd_task_032,run_1788969018,"(2.54, 25.74)","(-15.67, 0.00)",100,1373.0,1375.5,1375.6000000000001,1485.1000000000001,robot_4,42.56,109.5,6.0,True,None
rnd_task_033,run_1788969018,"(-15.67, 0.00)","(-11.35, -17.60)",100,1459.0,1461.5,1461.6000000000001,1599.0,robot_3,24.46,137.4,6.0,True,None
rnd_task_034,run_1788969018,"(-2.54, -4.07)","(0.00, -1.02)",100,1473.0,1475.5,1475.6000000000001,1570.4,robot_1,5.36,94.8,6.0,True,None
rnd_task_036,run_1788969018,"(11.35, -27.77)","(0.00, -7.12)",100,1485.0,1487.5,1487.6000000000001,1613.5,robot_4,31.81,125.9,6.0,True,None
rnd_task_037,run_1788969018,"(-15.67, -19.63)","(0.00, 1.02)",100,1490.0,1492.5,1492.6000000000001,1623.2,robot_2,35.0,130.6,6.0,True,None
rnd_task_038,run_1788969018,"(11.35, -4.07)","(11.35, -25.74)",100,1570.0,1572.5300000000002,1572.6000000000001,1635.8000000000002,robot_1,29.25,63.2,6.0,True,None
rnd_task_039,run_1788969018,"(15.67, -13.53)","(-2.54, -4.07)",100,1599.0,1601.5,1601.6000000000001,1716.3000000000002,robot_3,27.7,114.7,6.0,True,None
rnd_task_040,run_1788969018,"(-2.54, 25.74)","(15.67, -27.77)",100,1613.0,1615.5,1615.6000000000001,1748.9,robot_4,76.31,133.3,6.0,True,None
rnd_task_041,run_1788969018,"(-19.99, 2.04)","(11.35, -15.56)",100,1623.0,1625.5,1625.6000000000001,1748.5,robot_2,48.52,122.9,6.0,True,None
rnd_task_042,run_1788969018,"(11.35, -15.56)","(19.99, 2.04)",100,1635.0,1637.5,1637.6000000000001,1747.7,robot_1,26.47,110.1,6.0,True,None
rnd_task_043,run_1788969018,"(0.00, 16.58)","(-2.54, 27.77)",100,1716.0,1718.5,1718.6000000000001,1767.2,robot_3,15.49,48.6,6.0,True,None
rnd_task_044,run_1788969018,"(-11.35, -19.63)","(15.67, 15.56)",100,1747.0,1749.5,1749.6000000000001,1901.7,robot_1,59.9,152.1,6.0,True,None
rnd_task_001,run_1788973352,"(15.67, 25.74)","(15.67, -25.74)",100,713.01,716.0200000000001,716.1,871.61,robot_4,69.49,155.51,6.0,True,None
rnd_task_002,run_1788973352,"(19.99, -27.77)","(0.00, 3.05)",100,716.01,719.01,719.1,796.0100000000001,robot_3,49.6,76.91,6.0,True,None
rnd_task_003,run_1788973352,"(-15.67, -23.70)","(-11.35, -13.53)",100,720.0200000000001,722.5200000000001,722.6,792.3100000000001,robot_1,14.92,69.71,6.0,True,None
rnd_task_004,run_1788973352,"(0.00, 26.75)","(15.67, 27.77)",100,724.0200000000001,727.0400000000001,727.1,845.9100000000001,robot_2,21.2,118.81,6.0,True,None
rnd_task_006,run_1788973352,"(11.35, -4.07)","(19.99, -27.77)",100,792.0,794.5200000000001,794.61,911.32,robot_1,34.06,116.71,6.0,True,None
rnd_task_007,run_1788973352,"(-11.35, -21.67)","(-15.67, 21.67)",100,796.0100000000001,799.0400000000001,799.11,1013.5100000000001,robot_3,58.79,214.4,6.0,True,None
rnd_task_008,run_1788973352,"(-2.54, 0.00)","(15.67, 23.70)",100,846.0200000000001,849.0500000000001,849.1,981.1,robot_2,40.35,132.0,6.0,True,None
rnd_task_009,run_1788973352,"(-11.35, -17.60)","(-11.35, -21.67)",100,871.0100000000001,874.0,874.1,956.1,robot_4,5.49,82.0,6.0,True,None
rnd_task_010,run_1788973352,"(15.67, -27.77)","(19.99, 2.04)",100,911.0200000000001,914.0100000000001,914.1,987.6200000000001,robot_1,40.66,73.52,6.0,True,None
rnd_task_011,run_1788973352,"(15.67, -2.04)","(-11.35, -4.07)",100,956.0200000000001,959.0200000000001,959.11,1069.0,robot_4,36.58,109.89,6.0,True,None
rnd_task_012,run_1788973352,"(19.99, 19.63)","(11.35, 25.74)",100,981.0100000000001,984.0100000000001,984.1,1090.91,robot_2,14.28,106.81,6.0,True,None
rnd_task_013,run_1788973352,"(-2.54, -6.11)","(15.67, 25.74)",100,987.0100000000001,990.0400000000001,990.11,1114.6000000000001,robot_1,49.52,124.49,6.0,True,None
rnd_task_014,run_1788973352,"(-11.35, -19.63)","(-15.67, 0.00)",100,1013.0100000000001,1016.0400000000001,1016.1200000000001,1188.9,robot_3,27.14,172.78,6.0,True,None
rnd_task_016,run_1788973352,"(19.99, 25.74)","(-15.67, 21.67)",100,1069.01,1071.52,1071.6000000000001,1678.7,robot_4,48.45,607.1,6.0,True,None
rnd_task_017,run_1788973352,"(-15.67, 6.11)","(19.99, 15.56)",100,1091.02,1094.03,1094.1000000000001,1274.6100000000001,robot_2,49.81,180.51,6.0,True,None
rnd_task_018,run_1788973352,"(19.99, -21.67)","(-2.54, 15.56)",100,1114.0,1116.51,1116.6000000000001,1777.72,robot_1,58.74,661.12,6.0,True,None
rnd_task_019,run_1788973352,"(15.67, -17.60)","(0.00, 5.09)",100,1189.0,1192.03,1192.1000000000001,1367.03,robot_3,37.22,174.93,6.0,True,None
rnd_task_020,run_1788973352,"(-19.99, 23.70)","(2.54, 19.63)",100,1274.01,1277.0,1277.1000000000001,1370.1000000000001,robot_2,30.9,93.0,6.0,True,None
rnd_task_022,run_1788973352,"(-2.54, 0.00)","(-15.67, 17.60)",100,1367.01,1370.02,1370.1100000000001,1458.4,robot_3,29.64,88.29,6.0,True,None
rnd_task_023,run_1788973352,"(-15.67, 6.11)","(-2.54, 13.53)",100,1372.03,1375.01,1375.1000000000001,1518.41,robot_2,20.37,143.31,6.0,True,None
rnd_task_024,run_1788973352,"(2.54, 0.00)","(15.67, 25.74)",100,1458.0,1461.02,1461.1000000000001,1607.51,robot_3,39.01,146.41,6.0,True,None
rnd_task_025,run_1788973352,"(-2.54, 23.70)","(2.54, 19.63)",100,1518.02,1521.0300000000002,1521.1100000000001,1590.4,robot_2,8.78,69.29,6.0,True,None
rnd_task_026,run_1788973352,"(11.35, 0.00)","(2.54, 2.04)",100,1590.01,1593.0500000000002,1593.1000000000001,1654.9,robot_2,12.21,61.8,6.0,True,None
rnd_task_027,run_1788973352,"(-19.99, -13.53)","(-11.35, 25.74)",100,1607.0,1609.5200000000002,1609.6000000000001,1932.41,robot_3,54.28,322.81,6.0,True,None
rnd_task_029,run_1788973352,"(19.99, 19.63)","(-15.67, 15.56)",100,1655.0,1657.5200000000002,1657.6000000000001,1755.8100000000002,robot_2,48.45,98.21,6.0,True,None
rnd_task_030,run_1788973352,"(0.00, 24.72)","(-2.54, 4.07)",100,1678.01,1681.0100000000002,1681.1100000000001,1855.4,robot_4,28.09,174.29,6.0,True,None
rnd_task_031,run_1788973352,"(-2.54, 17.60)","(-11.35, 19.63)",100,1755.0200000000002,1758.0,1758.1000000000001,1813.8100000000002,robot_2,12.21,55.71,6.0,True,None
rnd_task_032,run_1788973352,"(2.54, 25.74)","(-15.67, 0.00)",100,1777.0100000000002,1780.0100000000002,1780.1000000000001,1903.6000000000001,robot_1,42.56,123.5,6.0,True,None
rnd_task_033,run_1788973352,"(-15.67, 0.00)","(-11.35, -17.60)",100,1813.0100000000002,1816.0,1816.1000000000001,1885.21,robot_2,24.46,69.11,6.0,True,None
rnd_task_034,run_1788973352,"(-2.54, -4.07)","(0.00, -1.02)",100,1855.0200000000002,1858.0200000000002,1858.1000000000001,1902.5300000000002,robot_4,5.36,44.43,6.0,True,None
rnd_task_035,run_1788973352,"(19.99, 13.53)","(11.35, 15.56)",100,1885.0200000000002,1888.0400000000002,1888.1100000000001,1975.5000000000002,robot_2,11.98,87.39,6.0,True,None
rnd_task_036,run_1788973352,"(11.35, -27.77)","(0.00, -7.12)",100,1902.0100000000002,1905.0100000000002,1905.1100000000001,1974.91,robot_4,31.81,69.8,6.0,True,None
rnd_task_037,run_1788973352,"(-15.67, -19.63)","(0.00, 1.02)",100,1907.0000000000002,1909.5200000000002,1909.6100000000001,2065.81,robot_1,35.0,156.2,6.0,True,None
rnd_task_039,run_1788973352,"(15.67, -13.53)","(-2.54, -4.07)",100,1932.0000000000002,1935.0400000000002,1935.1000000000001,2089.5,robot_3,27.7,154.4,6.0,True,None
rnd_task_040,run_1788973352,"(-2.54, 25.74)","(15.67, -27.77)",100,1975.0200000000002,1978.0300000000002,1978.1000000000001,2126.21,robot_2,76.31,148.11,6.0,True,None
rnd_task_041,run_1788973352,"(-19.99, 2.04)","(11.35, -15.56)",100,1980.0100000000002,1983.0100000000002,1983.1200000000001,2138.4,robot_4,48.52,155.28,6.0,True,None
rnd_task_042,run_1788973352,"(11.35, -15.56)","(19.99, 2.04)",100,2065.02,2068.02,2068.1,2174.9,robot_1,26.47,106.8,6.0,True,None
rnd_task_043,run_1788973352,"(0.00, 16.58)","(-2.54, 27.77)",100,2089.01,2092.01,2092.1,2183.92,robot_3,15.49,91.82,6.0,True,None
rnd_task_046,run_1788973352,"(-2.54, 15.56)","(-11.35, -15.56)",100,2175.01,2178.02,2178.1,2296.1200000000003,robot_1,43.67,118.02,6.0,True,None
rnd_task_047,run_1788973352,"(-19.99, 2.04)","(19.99, 6.11)",100,2184.02,2187.07,2187.1,2334.03,robot_3,54.25,146.93,6.0,True,None
rnd_task_001,run_1789012563,"(15.67, 25.74)","(15.67, -25.74)",100,728.0,731.0,731.1,907.4100000000001,robot_4,69.49,176.31,6.0,True,None
rnd_task_002,run_1789012563,"(19.99, -27.77)","(0.00, 3.05)",100,731.0,733.5200000000001,733.61,824.71,robot_3,49.6,91.1,6.0,True,None
rnd_task_003,run_1789012563,"(-15.67, -23.70)","(-11.35, -13.53)",100,735.0200000000001,738.0400000000001,738.11,806.11,robot_1,14.92,68.0,6.0,True,None
rnd_task_004,run_1789012563,"(0.00, 26.75)","(15.67, 27.77)",100,739.01,742.01,742.1,921.61,robot_2,21.2,179.51,6.0,True,None
rnd_task_001,run_1789022436,"(15.67, 25.74)","(15.67, -25.74)",100,705.0,707.5500000000001,707.6,809.62,robot_4,69.49,102.02,6.0,True,None
rnd_task_002,run_1789022436,"(19.99, -27.77)","(0.00, 3.05)",100,708.01,711.07,711.1,805.11,robot_3,49.6,94.01,6.0,True,None
rnd_task_003,run_1789022436,"(-15.67, -23.70)","(-11.35, -13.53)",100,712.0200000000001,715.0400000000001,715.1,816.71,robot_1,14.92,101.61,6.0,True,None
rnd_task_004,run_1789022436,"(0.00, 26.75)","(15.67, 27.77)",100,716.0,719.07,719.11,860.61,robot_2,21.2,141.5,6.0,True,None
rnd_task_006,run_1789022436,"(11.35, -4.07)","(19.99, -27.77)",100,805.0200000000001,808.0200000000001,808.1,886.0,robot_3,34.06,77.9,6.0,True,None
rnd_task_007,run_1789022436,"(-11.35, -21.67)","(-15.67, 21.67)",100,809.0,812.0600000000001,812.1,915.9000000000001,robot_4,58.79,103.8,6.0,True,None
rnd_task_008,run_1789022436,"(-2.54, 0.00)","(15.67, 23.70)",100,816.0200000000001,819.0400000000001,819.1,1029.1100000000001,robot_1,40.35,210.01,6.0,True,None
rnd_task_009,run_1789022436,"(-11.35, -17.60)","(-11.35, -21.67)",100,860.0,863.11,863.2,1007.8000000000001,robot_2,5.49,144.6,6.0,True,None
rnd_task_010,run_1789022436,"(15.67, -27.77)","(19.99, 2.04)",100,886.0,889.07,889.1,966.6,robot_3,40.66,77.5,6.0,True,None
rnd_task_011,run_1789022436,"(15.67, -2.04)","(-11.35, -4.07)",100,915.0100000000001,918.11,918.2,1062.0,robot_4,36.58,143.8,6.0,True,None
rnd_task_012,run_1789022436,"(19.99, 19.63)","(11.35, 25.74)",100,966.0300000000001,969.07,969.11,1080.4,robot_3,14.28,111.29,6.0,True,None
rnd_task_013,run_1789022436,"(-2.54, -6.11)","(15.67, 25.74)",100,1007.0100000000001,1010.08,1010.11,1161.0,robot_2,49.52,150.89,6.0,True,None
rnd_task_015,run_1789022436,"(-19.99, -2.04)","(15.67, 13.53)",100,1029.02,1032.0600000000002,1032.1000000000001,1248.7,robot_1,52.53,216.6,6.0,True,None
rnd_task_016,run_1789022436,"(19.99, 25.74)","(-15.67, 21.67)",100,1062.0,1065.0900000000001,1065.1000000000001,1198.8000000000002,robot_4,48.45,133.7,6.0,True,None
rnd_task_017,run_1789022436,"(-15.67, 6.11)","(19.99, 15.56)",100,1080.0,1083.1000000000001,1083.1000000000001,1403.5,robot_3,49.81,320.4,6.0,True,None
rnd_task_018,run_1789022436,"(19.99, -21.67)","(-2.54, 15.56)",100,1161.0,1164.1000000000001,1164.1000000000001,1335.51,robot_2,58.74,171.41,6.0,True,None
rnd_task_019,run_1789022436,"(15.67, -17.60)","(0.00, 5.09)",100,1198.01,1201.0900000000001,1201.1100000000001,1361.7,robot_4,37.22,160.59,6.0,True,None
rnd_task_020,run_1789022436,"(-19.99, 23.70)","(2.54, 19.63)",100,1248.01,1251.0400000000002,1251.1000000000001,1371.9,robot_1,30.9,120.8,6.0,True,None
rnd_task_022,run_1789022436,"(-2.54, 0.00)","(-15.67, 17.60)",100,1335.01,1338.0700000000002,1338.1000000000001,1453.4,robot_2,29.64,115.3,6.0,True,None
rnd_task_023,run_1789022436,"(-15.67, 6.11)","(-2.54, 13.53)",100,1361.01,1364.0400000000002,1364.1100000000001,1422.21,robot_4,20.37,58.1,6.0,True,None
rnd_task_024,run_1789022436,"(2.54, 0.00)","(15.67, 25.74)",100,1372.03,1375.0700000000002,1375.1100000000001,1454.9,robot_1,39.01,79.79,6.0,True,None
rnd_task_025,run_1789022436,"(-2.54, 23.70)","(2.54, 19.63)",100,1403.0,1405.5500000000002,1405.6000000000001,1465.7,robot_3,8.78,60.1,6.0,True,None
rnd_task_026,run_1789022436,"(11.35, 0.00)","(2.54, 2.04)",100,1422.01,1425.0600000000002,1425.1100000000001,1498.91,robot_4,12.21,73.8,6.0,True,None
rnd_task_027,run_1789022436,"(-19.99, -13.53)","(-11.35, 25.74)",100,1453.0,1456.1100000000001,1456.2,1637.91,robot_2,54.28,181.71,6.0,True,None
rnd_task_028,run_1789022436,"(19.99, -23.70)","(0.00, -7.12)",100,1458.02,1461.0900000000001,1461.1200000000001,1647.7,robot_1,35.06,186.58,6.0,True,None
rnd_task_029,run_1789022436,"(19.99, 19.63)","(-15.67, 15.56)",100,1465.01,1468.0700000000002,1468.1000000000001,1540.74,robot_3,48.45,72.64,6.0,True,None
rnd_task_030,run_1789022436,"(0.00, 24.72)","(-2.54, 4.07)",100,1499.0,1502.0600000000002,1502.1000000000001,1652.72,robot_4,28.09,150.62,6.0,True,None
rnd_task_031,run_1789022436,"(-2.54, 17.60)","(-11.35, 19.63)",100,1540.01,1543.0600000000002,1543.1000000000001,1594.5,robot_3,12.21,51.4,6.0,True,None
rnd_task_035,run_1789022436,"(19.99, 13.53)","(11.35, 15.56)",100,1647.01,1650.0800000000002,1650.1100000000001,1785.0,robot_1,11.98,134.89,6.0,True,None
rnd_task_036,run_1789022436,"(11.35, -27.77)","(0.00, -7.12)",100,1652.01,1655.0800000000002,1655.1100000000001,1732.8000000000002,robot_4,31.81,77.69,6.0,True,None
rnd_task_037,run_1789022436,"(-15.67, -19.63)","(0.00, 1.02)",100,1732.0200000000002,1735.0400000000002,1735.1000000000001,1835.8000000000002,robot_4,35.0,100.7,6.0,True,None
rnd_task_038,run_1789022436,"(11.35, -4.07)","(11.35, -25.74)",100,1785.0,1788.0600000000002,1788.1100000000001,1883.8000000000002,robot_1,29.25,95.69,6.0,True,None
rnd_task_039,run_1789022436,"(15.67, -13.53)","(-2.54, -4.07)",100,1835.0000000000002,1838.0700000000002,1838.1100000000001,1966.3100000000002,robot_4,27.7,128.2,6.0,True,None
rnd_task_040,run_1789022436,"(-2.54, 25.74)","(15.67, -27.77)",100,1883.0000000000002,1886.0500000000002,1886.1000000000001,2048.1,robot_2,76.31,162.0,6.0,True,None
rnd_task_041,run_1789022436,"(-19.99, 2.04)","(11.35, -15.56)",100,1920.0000000000002,1923.1000000000001,1923.1200000000001,2051.9,robot_1,48.52,128.78,6.0,True,None
rnd_task_043,run_1789022436,"(0.00, 16.58)","(-2.54, 27.77)",100,1966.0000000000002,1969.0600000000002,1969.1100000000001,2131.4,robot_4,15.49,162.29,6.0,True,None
rnd_task_044,run_1789022436,"(-11.35, -19.63)","(15.67, 15.56)",100,2048.02,2051.1,2051.11,2199.2000000000003,robot_2,59.9,148.09,6.0,True,None
rnd_task_045,run_1789022436,"(19.99, 15.56)","(-19.99, 25.74)",100,2051.01,2054.1,2054.1,2155.1200000000003,robot_1,55.69,101.02,6.0,True,None
rnd_task_046,run_1789022436,"(-2.54, 15.56)","(-11.35, -15.56)",100,2131.02,2134.08,2134.11,2230.71,robot_4,43.67,96.6,6.0,True,None
rnd_task_047,run_1789022436,"(-19.99, 2.04)","(19.99, 6.11)",100,2155.0,2158.06,2158.11,2295.6200000000003,robot_1,54.25,137.51,6.0,True,None
rnd_task_001,run_1789027296,"(15.67, 25.74)","(15.67, -25.74)",100,723.0,725.5400000000001,725.6,856.72,robot_4,69.49,131.12,6.0,True,None
rnd_task_002,run_1789027296,"(19.99, -27.77)","(0.00, 3.05)",100,726.0,729.07,729.1,825.0,robot_3,49.6,95.9,6.0,True,None
rnd_task_003,run_1789027296,"(-15.67, -23.70)","(-11.35, -13.53)",100,730.01,733.0600000000001,733.1,870.21,robot_1,14.92,137.11,6.0,True,None
rnd_task_004,run_1789027296,"(0.00, 26.75)","(15.67, 27.77)",100,734.01,737.01,737.1,811.12,robot_2,21.2,74.02,6.0,True,None
